,,,,,,,,,,,,,,,,,,,,,,
Rewardlist,,,,,,,,,,,,,,,,,,,,,,
-1.60368287094235,,-1.60368287094235,,,,,,,,,,,,,,,,,,,,
-1.68599129788876,,-1.64483708441556,,,,,,,,,,,,,,,,,,,,
-1.82537824294865,,-1.70501747059325,,,,,,,,,,,,,,,,,,,,
-1.8264600443691,,-1.73537811403722,,,,,,,,,,,,,,,,,,,,
-1.73939614979029,,-1.73618172118783,,,,,,,,,,,,,,,,,,,,
-1.84819228505194,,-1.75485014849852,,,,,,,,,,,,,,,,,,,,
-1.82232408991456,,-1.76448928298652,,,,,,,,,,,,,,,,,,,,
-1.7200832957983,,-1.75893853458799,,,,,,,,,,,,,,,,,,,,
-1.83061125198901,,-1.76690216985477,,,,,,,,,,,,,,,,,,,,0.89851169383416
-1.73898196768463,,-1.76411014963776,,,,,,,,,,,,,,,,,,,,
-1.71590392848849,,-1.75972776589692,,,,,,,,,,,,,,,,,,,,
-1.74913588253558,,-1.75884510895014,,,,,,,,,,,,,,,,,,,,
-1.8018250089854,,-1.7621512551067,,,,,,,,,,,,,,,,,,,,
-1.85505386282504,,-1.76878715565801,,,,,,,,,,,,,,,,,,,,
-1.90107266272902,,-1.77760618946274,,,,,,,,,,,,,,,,,,,,
-1.61644273042977,,-1.76753347327318,,,,,,,,,,,,,,,,,,,,
-1.72593112473488,,-1.76508627630034,,,,,,,,,,,,,,,,,,,,
-1.77745631733537,,-1.76577350080229,,,,,,,,,,,,,,,,,,,,
-1.69180275389254,,-1.76188030359651,,,,,,,,,,,,,,,,,,,,
-1.61878702461422,,-1.75472563964739,,,,,,,,,,,,,,,,,,,,
-1.84405750391781,,-1.75897953794599,,,,,,,,,,,,,,,,,,,,
-1.90460435717106,,-1.76559884791076,,,,,,,,,,,,,,,,,,,,
-1.85756007522643,,-1.76959716214188,,,,,,,,,,,,,,,,,,,,
-1.85568862916827,,-1.77318430660131,,,,,,,,,,,,,,,,,,,,
-1.64333523428738,,-1.76799034370875,,,,,,,,,,,,,,,,,,,,
-1.80383138689101,,-1.76936884536961,,,,,,,,,,,,,,,,,,,,
-1.76460024557412,,-1.76919223056237,,,,,,,,,,,,,,,,,,,,
-1.91890713300109,,-1.77453919136375,,,,,,,,,,,,,,,,,,,,
-1.81331416246593,,-1.77587625933279,,,,,,,,,,,,,,,,,,,,
-1.91495890981257,,-1.78051234768212,,,,,,,,,,,,,,,,,,,,
-2,,-1.78759259453108,,,,,,,,,,,,,,,,,,,,
-1.750419495067,,-1.78643093517283,,,,,,,,,,,,,,,,,,,,
-1.79438263760805,,-1.78667189585268,,,,,,,,,,,,,,,,,,,,
-1.86743943310082,,-1.7890474116541,,,,,,,,,,,,,,,,,,,,
-1.82472939676046,,-1.79006689694285,,,,,,,,,,,,,,,,,,,,
-1.80999718565941,,-1.79062051607387,,,,,,,,,,,,,,,,,,,,
2,,-1.68817131293674,,,,,,,,,,,,,,,,,,,,
-1.82439030716121,,-1.69175602331107,,,,,,,,,,,,,,,,,,,,
-1.58311691074967,,-1.68897040504026,,,,,,,,,,,,,,,,,,,,
-1.59770011015832,,-1.68668864766821,,,,,,,,,,,,,,,,,,,,
-1.69680227217078,,-1.68693532143657,,,,,,,,,,,,,,,,,,,,
2,,-1.59915114711665,,,,,,,,,,,,,,,,,,,,
2,,-1.51544995764882,,,,,,,,,,,,,,,,,,,,
2,,-1.43555336770226,,,,,,,,,,,,,,,,,,,,
2,,-1.35920773730887,,,,,,,,,,,,,,,,,,,,
-1.50173188696802,,-1.36230608838842,,,,,,,,,,,,,,,,,,,,
2,,-1.2907676609759,,,,,,,,,,,,,,,,,,,,
2,,-1.22221000137224,,,,,,,,,,,,,,,,,,,,
2,,-1.15645061358913,,,,,,,,,,,,,,,,,,,,
2,,-1.08290606520255,,,,,,,,,,,,,,,,,,,,
-1.56188098460138,,-1.08037320166607,,,,,,,,,,,,,,,,,,,,
-1.56538803931475,,-1.07506727914293,,,,,,,,,,,,,,,,,,,,
-1.60718405905366,,-1.07059225903445,,,,,,,,,,,,,,,,,,,,
2,,-0.994278051895876,,,,,,,,,,,,,,,,,,,,
2,,-0.915743515466245,,,,,,,,,,,,,,,,,,,,
2,,-0.837736901386356,,,,,,,,,,,,,,,,,,,,
2,,-0.761816834125166,,,,,,,,,,,,,,,,,,,,
2,,-0.683641094288655,,,,,,,,,,,,,,,,,,,,
2,,-0.607335339846112,,,,,,,,,,,,,,,,,,,,
2,,-0.531500565795327,,,,,,,,,,,,,,,,,,,,
2,,-0.454987588600723,,,,,,,,,,,,,,,,,,,,
2,,-0.377399323111225,,,,,,,,,,,,,,,,,,,,
-1.5302001601398,,-0.370769655709486,,,,,,,,,,,,,,,,,,,,
-1.47346073162556,,-0.362042881605333,,,,,,,,,,,,,,,,,,,,
2,,-0.288237927923093,,,,,,,,,,,,,,,,,,,,
-1.48725545971692,,-0.283366995983951,,,,,,,,,,,,,,,,,,,,
2,,-0.206276050732209,,,,,,,,,,,,,,,,,,,,
2,,-0.130933137387463,,,,,,,,,,,,,,,,,,,,
2,,-0.057080340966765,,,,,,,,,,,,,,,,,,,,
2,,0.021369812174415,,,,,,,,,,,,,,,,,,,,
2,,0.101055615381988,,,,,,,,,,,,,,,,,,,,
2,,0.179781331202935,,,,,,,,,,,,,,,,,,,,
-1.66866487535536,,0.183598142505239,,,,,,,,,,,,,,,,,,,,
-1.59916089407206,,0.184499659652491,,,,,,,,,,,,,,,,,,,,
2,,0.262128871629858,,,,,,,,,,,,,,,,,,,,
-1.63175690845549,,0.264839960142483,,,,,,,,,,,,,,,,,,,,
-1.66428956353664,,0.270036237070329,,,,,,,,,,,,,,,,,,,,
-1.47415299066901,,0.276957893637613,,,,,,,,,,,,,,,,,,,,
-1.6197139477402,,0.282983301026845,,,,,,,,,,,,,,,,,,,,
2,,0.36461595408807,,,,,,,,,,,,,,,,,,,,
-1.55646141761541,,0.368574282199327,,,,,,,,,,,,,,,,,,,,
2,,0.446010662558675,,,,,,,,,,,,,,,,,,,,
2,,0.524937997928079,,,,,,,,,,,,,,,,,,,,
2,,0.602993699902783,,,,,,,,,,,,,,,,,,,,
2,,0.680748744508077,,,,,,,,,,,,,,,,,,,,
-1.54141592996418,,0.608474950019011,,,,,,,,,,,,,,,,,,,,
-1.49783411655724,,0.615139362072154,,,,,,,,,,,,,,,,,,,,
-2,,0.606631543924188,,,,,,,,,,,,,,,,,,,,
2,,0.680053995151909,,,,,,,,,,,,,,,,,,,,
2,,0.755498939481925,,,,,,,,,,,,,,,,,,,,
-1.54293537989855,,0.683194135810526,,,,,,,,,,,,,,,,,,,,
2,,0.683194135810526,,,,,,,,,,,,,,,,,,,,
2,,0.683194135810526,,,,,,,,,,,,,,,,,,,,
-1.49479639000893,,0.611871760504221,,,,,,,,,,,,,,,,,,,,
2,,0.683335676564793,,,,,,,,,,,,,,,,,,,,
2,,0.683335676564793,,,,,,,,,,,,,,,,,,,,
2,,0.683335676564793,,,,,,,,,,,,,,,,,,,,
2,,0.683335676564793,,,,,,,,,,,,,,,,,,,,
-1.50445751028657,,0.611816135538537,,,,,,,,,,,,,,,,,,,,
2,,0.684507584203871,,,,,,,,,,,,,,,,,,,,
2,,0.757270605414376,,,,,,,,,,,,,,,,,,,,
2,,0.830886606619553,,,,,,,,,,,,,,,,,,,,
2,,0.830886606619553,,,,,,,,,,,,,,,,,,,,
-1.56517449499965,,0.758127943456295,,,,,,,,,,,,,,,,,,,,
2,,0.758127943456295,,,,,,,,,,,,,,,,,,,,
-1.657562917611,,0.68348380228056,,,,,,,,,,,,,,,,,,,,
2,,0.68348380228056,,,,,,,,,,,,,,,,,,,,
2,,0.68348380228056,,,,,,,,,,,,,,,,,,,,
2,,0.68348380228056,,,,,,,,,,,,,,,,,,,,
2,,0.68348380228056,,,,,,,,,,,,,,,,,,,,
2,,0.68348380228056,,,,,,,,,,,,,,,,,,,,
2,,0.755528703507903,,,,,,,,,,,,,,,,,,,,
2,,0.826415657214547,,,,,,,,,,,,,,,,,,,,
2,,0.826415657214547,,,,,,,,,,,,,,,,,,,,
-1.83160622769892,,0.819388090521036,,,,,,,,,,,,,,,,,,,,
-1.50190436506867,,0.747920654499227,,,,,,,,,,,,,,,,,,,,
-1.49597909698486,,0.676574142315862,,,,,,,,,,,,,,,,,,,,
2,,0.676574142315862,,,,,,,,,,,,,,,,,,,,
2,,0.676574142315862,,,,,,,,,,,,,,,,,,,,
2,,0.676574142315862,,,,,,,,,,,,,,,,,,,,
2,,0.676574142315862,,,,,,,,,,,,,,,,,,,,
2,,0.751444854057808,,,,,,,,,,,,,,,,,,,,
2,,0.824897117202136,,,,,,,,,,,,,,,,,,,,
2,,0.824897117202136,,,,,,,,,,,,,,,,,,,,
2,,0.899014605129799,,,,,,,,,,,,,,,,,,,,
2,,0.973796024793812,,,,,,,,,,,,,,,,,,,,
2,,1.04469710623604,,,,,,,,,,,,,,,,,,,,
-1.49315374143124,,1.04727996758928,,,,,,,,,,,,,,,,,,,,
-2,,0.965647314528057,,,,,,,,,,,,,,,,,,,,
2,,1.03822815978551,,,,,,,,,,,,,,,,,,,,
2,,1.03822815978551,,,,,,,,,,,,,,,,,,,,
2,,1.03822815978551,,,,,,,,,,,,,,,,,,,,
-1.57318240681589,,0.965306069850496,,,,,,,,,,,,,,,,,,,,
2,,0.965306069850496,,,,,,,,,,,,,,,,,,,,
-1.47052391063273,,0.966752845755219,,,,,,,,,,,,,,,,,,,,
2,,1.03813721548088,,,,,,,,,,,,,,,,,,,,
2,,1.1197698685421,,,,,,,,,,,,,,,,,,,,
2,,1.1197698685421,,,,,,,,,,,,,,,,,,,,
2,,1.1197698685421,,,,,,,,,,,,,,,,,,,,
2,,1.1920746722135,,,,,,,,,,,,,,,,,,,,
2,,1.1920746722135,,,,,,,,,,,,,,,,,,,,
2,,1.1920746722135,,,,,,,,,,,,,,,,,,,,
2,,1.26339704751981,,,,,,,,,,,,,,,,,,,,
2,,1.26339704751981,,,,,,,,,,,,,,,,,,,,
2,,1.26339704751981,,,,,,,,,,,,,,,,,,,,
2,,1.26339704751981,,,,,,,,,,,,,,,,,,,,
2,,1.26339704751981,,,,,,,,,,,,,,,,,,,,
-1.51347330433726,,1.26321305172285,,,,,,,,,,,,,,,,,,,,
2,,1.26321305172285,,,,,,,,,,,,,,,,,,,,
-1.80355330995321,,1.18558951478503,,,,,,,,,,,,,,,,,,,,
2,,1.18558951478503,,,,,,,,,,,,,,,,,,,,
-1.8034500577569,,1.10796808503489,,,,,,,,,,,,,,,,,,,,
2,,1.18072674819815,,,,,,,,,,,,,,,,,,,,
2,,1.18072674819815,,,,,,,,,,,,,,,,,,,,
2,,1.25537088937388,,,,,,,,,,,,,,,,,,,,
2,,1.25537088937388,,,,,,,,,,,,,,,,,,,,
2,,1.25537088937388,,,,,,,,,,,,,,,,,,,,
2,,1.25537088937388,,,,,,,,,,,,,,,,,,,,
2,,1.25537088937388,,,,,,,,,,,,,,,,,,,,
2,,1.25537088937388,,,,,,,,,,,,,,,,,,,,
2,,1.25537088937388,,,,,,,,,,,,,,,,,,,,
2,,1.25537088937388,,,,,,,,,,,,,,,,,,,,
2,,1.25537088937388,,,,,,,,,,,,,,,,,,,,
2,,1.33356693483713,,,,,,,,,,,,,,,,,,,,
2,,1.40503437085894,,,,,,,,,,,,,,,,,,,,
2,,1.4763808830423,,,,,,,,,,,,,,,,,,,,
2,,1.4763808830423,,,,,,,,,,,,,,,,,,,,
2,,1.4763808830423,,,,,,,,,,,,,,,,,,,,
2,,1.4763808830423,,,,,,,,,,,,,,,,,,,,
2,,1.4763808830423,,,,,,,,,,,,,,,,,,,,
2,,1.4763808830423,,,,,,,,,,,,,,,,,,,,
2,,1.4763808830423,,,,,,,,,,,,,,,,,,,,
2,,1.4763808830423,,,,,,,,,,,,,,,,,,,,
2,,1.4763808830423,,,,,,,,,,,,,,,,,,,,
2,,1.4763808830423,,,,,,,,,,,,,,,,,,,,
2,,1.4763808830423,,,,,,,,,,,,,,,,,,,,
2,,1.54766973490824,,,,,,,,,,,,,,,,,,,,
2,,1.62930238796947,,,,,,,,,,,,,,,,,,,,
2,,1.62930238796947,,,,,,,,,,,,,,,,,,,,
2,,1.62930238796947,,,,,,,,,,,,,,,,,,,,
2,,1.62930238796947,,,,,,,,,,,,,,,,,,,,
2,,1.70222447790449,,,,,,,,,,,,,,,,,,,,
2,,1.70222447790449,,,,,,,,,,,,,,,,,,,,
2,,1.77305149648883,,,,,,,,,,,,,,,,,,,,
-1.54470122711956,,1.70071065511904,,,,,,,,,,,,,,,,,,,,
2,,1.70071065511904,,,,,,,,,,,,,,,,,,,,
2,,1.70071065511904,,,,,,,,,,,,,,,,,,,,
2,,1.70071065511904,,,,,,,,,,,,,,,,,,,,
2,,1.70071065511904,,,,,,,,,,,,,,,,,,,,
2,,1.70071065511904,,,,,,,,,,,,,,,,,,,,
2,,1.70071065511904,,,,,,,,,,,,,,,,,,,,
2,,1.70071065511904,,,,,,,,,,,,,,,,,,,,
2,,1.70071065511904,,,,,,,,,,,,,,,,,,,,
2,,1.70071065511904,,,,,,,,,,,,,,,,,,,,
2,,1.70071065511904,,,,,,,,,,,,,,,,,,,,
2,,1.70071065511904,,,,,,,,,,,,,,,,,,,,
2,,1.77241419194225,,,,,,,,,,,,,,,,,,,,
2,,1.77241419194225,,,,,,,,,,,,,,,,,,,,
2,,1.85003772888007,,,,,,,,,,,,,,,,,,,,
2,,1.85003772888007,,,,,,,,,,,,,,,,,,,,
2,,1.92765915863021,,,,,,,,,,,,,,,,,,,,
2,,1.92765915863021,,,,,,,,,,,,,,,,,,,,
2,,1.92765915863021,,,,,,,,,,,,,,,,,,,,
2,,1.92765915863021,,,,,,,,,,,,,,,,,,,,
2,,1.92765915863021,,,,,,,,,,,,,,,,,,,,
2,,1.92765915863021,,,,,,,,,,,,,,,,,,,,
2,,1.92765915863021,,,,,,,,,,,,,,,,,,,,
2,,1.92765915863021,,,,,,,,,,,,,,,,,,,,
2,,1.92765915863021,,,,,,,,,,,,,,,,,,,,
2,,1.92765915863021,,,,,,,,,,,,,,,,,,,,
2,,1.92765915863021,,,,,,,,,,,,,,,,,,,,
-1.49014417457283,,1.85643172649607,,,,,,,,,,,,,,,,,,,,
2,,1.85643172649607,,,,,,,,,,,,,,,,,,,,
2,,1.85643172649607,,,,,,,,,,,,,,,,,,,,
2,,1.85643172649607,,,,,,,,,,,,,,,,,,,,
2,,1.85643172649607,,,,,,,,,,,,,,,,,,,,
-1.84859590727389,,1.77788895287824,,,,,,,,,,,,,,,,,,,,
-1.79405410789251,,1.70045927720696,,,,,,,,,,,,,,,,,,,,
2,,1.70045927720696,,,,,,,,,,,,,,,,,,,,
2,,1.70045927720696,,,,,,,,,,,,,,,,,,,,
2,,1.70045927720696,,,,,,,,,,,,,,,,,,,,
2,,1.70045927720696,,,,,,,,,,,,,,,,,,,,
2,,1.70045927720696,,,,,,,,,,,,,,,,,,,,
2,,1.70045927720696,,,,,,,,,,,,,,,,,,,,
2,,1.70045927720696,,,,,,,,,,,,,,,,,,,,
2,,1.70045927720696,,,,,,,,,,,,,,,,,,,,
2,,1.70045927720696,,,,,,,,,,,,,,,,,,,,
2,,1.70045927720696,,,,,,,,,,,,,,,,,,,,
2,,1.70045927720696,,,,,,,,,,,,,,,,,,,,
-2,,1.61882662414574,,,,,,,,,,,,,,,,,,,,
2,,1.61882662414574,,,,,,,,,,,,,,,,,,,,
2,,1.61882662414574,,,,,,,,,,,,,,,,,,,,
2,,1.61882662414574,,,,,,,,,,,,,,,,,,,,
2,,1.69116746551553,,,,,,,,,,,,,,,,,,,,
2,,1.69116746551553,,,,,,,,,,,,,,,,,,,,
2,,1.69116746551553,,,,,,,,,,,,,,,,,,,,
2,,1.69116746551553,,,,,,,,,,,,,,,,,,,,
2,,1.69116746551553,,,,,,,,,,,,,,,,,,,,
2,,1.69116746551553,,,,,,,,,,,,,,,,,,,,
2,,1.69116746551553,,,,,,,,,,,,,,,,,,,,
2,,1.69116746551553,,,,,,,,,,,,,,,,,,,,
2,,1.69116746551553,,,,,,,,,,,,,,,,,,,,
2,,1.69116746551553,,,,,,,,,,,,,,,,,,,,
2,,1.69116746551553,,,,,,,,,,,,,,,,,,,,
2,,1.69116746551553,,,,,,,,,,,,,,,,,,,,
2,,1.69116746551553,,,,,,,,,,,,,,,,,,,,
-1.67216723678708,,1.61622527700967,,,,,,,,,,,,,,,,,,,,
2,,1.61622527700967,,,,,,,,,,,,,,,,,,,,
2,,1.61622527700967,,,,,,,,,,,,,,,,,,,,
2,,1.61622527700967,,,,,,,,,,,,,,,,,,,,
2,,1.61622527700967,,,,,,,,,,,,,,,,,,,,
2,,1.61622527700967,,,,,,,,,,,,,,,,,,,,
2,,1.61622527700967,,,,,,,,,,,,,,,,,,,,
2,,1.61622527700967,,,,,,,,,,,,,,,,,,,,
2,,1.61622527700967,,,,,,,,,,,,,,,,,,,,
2,,1.61622527700967,,,,,,,,,,,,,,,,,,,,
2,,1.61622527700967,,,,,,,,,,,,,,,,,,,,
2,,1.61622527700967,,,,,,,,,,,,,,,,,,,,
2,,1.61622527700967,,,,,,,,,,,,,,,,,,,,
2,,1.61622527700967,,,,,,,,,,,,,,,,,,,,
2,,1.68745270914381,,,,,,,,,,,,,,,,,,,,
2,,1.68745270914381,,,,,,,,,,,,,,,,,,,,
2,,1.68745270914381,,,,,,,,,,,,,,,,,,,,
2,,1.68745270914381,,,,,,,,,,,,,,,,,,,,
2,,1.68745270914381,,,,,,,,,,,,,,,,,,,,
2,,1.76599548276164,,,,,,,,,,,,,,,,,,,,
2,,1.84342515843292,,,,,,,,,,,,,,,,,,,,
2,,1.84342515843292,,,,,,,,,,,,,,,,,,,,
2,,1.84342515843292,,,,,,,,,,,,,,,,,,,,
2,,1.84342515843292,,,,,,,,,,,,,,,,,,,,
2,,1.84342515843292,,,,,,,,,,,,,,,,,,,,
2,,1.84342515843292,,,,,,,,,,,,,,,,,,,,
2,,1.84342515843292,,,,,,,,,,,,,,,,,,,,
2,,1.84342515843292,,,,,,,,,,,,,,,,,,,,
2,,1.84342515843292,,,,,,,,,,,,,,,,,,,,
2,,1.84342515843292,,,,,,,,,,,,,,,,,,,,
2,,1.84342515843292,,,,,,,,,,,,,,,,,,,,
2,,1.84342515843292,,,,,,,,,,,,,,,,,,,,
2,,1.92505781149414,,,,,,,,,,,,,,,,,,,,
-1.4970597250849,,1.85368924567608,,,,,,,,,,,,,,,,,,,,
2,,1.85368924567608,,,,,,,,,,,,,,,,,,,,
2,,1.85368924567608,,,,,,,,,,,,,,,,,,,,
2,,1.85368924567608,,,,,,,,,,,,,,,,,,,,
2,,1.85368924567608,,,,,,,,,,,,,,,,,,,,
-1.77242042612433,,1.77670107371436,,,,,,,,,,,,,,,,,,,,
2,,1.77670107371436,,,,,,,,,,,,,,,,,,,,
-1.50917543166578,,1.70508524857832,,,,,,,,,,,,,,,,,,,,
2,,1.70508524857832,,,,,,,,,,,,,,,,,,,,
-1.52034426867366,,1.63324148799315,,,,,,,,,,,,,,,,,,,,
2,,1.63324148799315,,,,,,,,,,,,,,,,,,,,
2,,1.63324148799315,,,,,,,,,,,,,,,,,,,,
2,,1.63324148799315,,,,,,,,,,,,,,,,,,,,
2,,1.63324148799315,,,,,,,,,,,,,,,,,,,,
2,,1.63324148799315,,,,,,,,,,,,,,,,,,,,
2,,1.63324148799315,,,,,,,,,,,,,,,,,,,,
2,,1.70818367649901,,,,,,,,,,,,,,,,,,,,
2,,1.70818367649901,,,,,,,,,,,,,,,,,,,,
2,,1.70818367649901,,,,,,,,,,,,,,,,,,,,
2,,1.70818367649901,,,,,,,,,,,,,,,,,,,,
-1.50464406823218,,1.63666032816774,,,,,,,,,,,,,,,,,,,,
2,,1.63666032816774,,,,,,,,,,,,,,,,,,,,
2,,1.63666032816774,,,,,,,,,,,,,,,,,,,,
2,,1.63666032816774,,,,,,,,,,,,,,,,,,,,
2,,1.63666032816774,,,,,,,,,,,,,,,,,,,,
-1.48196847793758,,1.56559974698534,,,,,,,,,,,,,,,,,,,,
2,,1.56559974698534,,,,,,,,,,,,,,,,,,,,
2,,1.56559974698534,,,,,,,,,,,,,,,,,,,,
2,,1.56559974698534,,,,,,,,,,,,,,,,,,,,
-2,,1.48396709392411,,,,,,,,,,,,,,,,,,,,
2,,1.48396709392411,,,,,,,,,,,,,,,,,,,,
-1.50382039730251,,1.41246055520365,,,,,,,,,,,,,,,,,,,,
2,,1.41246055520365,,,,,,,,,,,,,,,,,,,,
2,,1.41246055520365,,,,,,,,,,,,,,,,,,,,
2,,1.41246055520365,,,,,,,,,,,,,,,,,,,,
2,,1.41246055520365,,,,,,,,,,,,,,,,,,,,
2,,1.41246055520365,,,,,,,,,,,,,,,,,,,,
2,,1.41246055520365,,,,,,,,,,,,,,,,,,,,
2,,1.41246055520365,,,,,,,,,,,,,,,,,,,,
2,,1.41246055520365,,,,,,,,,,,,,,,,,,,,
2,,1.41246055520365,,,,,,,,,,,,,,,,,,,,
2,,1.41246055520365,,,,,,,,,,,,,,,,,,,,
2,,1.41246055520365,,,,,,,,,,,,,,,,,,,,
2,,1.41246055520365,,,,,,,,,,,,,,,,,,,,
2,,1.41246055520365,,,,,,,,,,,,,,,,,,,,
2,,1.41246055520365,,,,,,,,,,,,,,,,,,,,
2,,1.41246055520365,,,,,,,,,,,,,,,,,,,,
2,,1.41246055520365,,,,,,,,,,,,,,,,,,,,
2,,1.41246055520365,,,,,,,,,,,,,,,,,,,,
-2,,1.40219646796049,,,,,,,,,,,,,,,,,,,,
2,,1.40219646796049,,,,,,,,,,,,,,,,,,,,
2,,1.40219646796049,,,,,,,,,,,,,,,,,,,,
2,,1.40219646796049,,,,,,,,,,,,,,,,,,,,
2,,1.40219646796049,,,,,,,,,,,,,,,,,,,,
2,,1.47918463992221,,,,,,,,,,,,,,,,,,,,
2,,1.47918463992221,,,,,,,,,,,,,,,,,,,,
2,,1.55080046505825,,,,,,,,,,,,,,,,,,,,
2,,1.55080046505825,,,,,,,,,,,,,,,,,,,,
2,,1.62264422564342,,,,,,,,,,,,,,,,,,,,
2,,1.62264422564342,,,,,,,,,,,,,,,,,,,,
2,,1.62264422564342,,,,,,,,,,,,,,,,,,,,
2,,1.62264422564342,,,,,,,,,,,,,,,,,,,,
-1.55005508816242,,1.55019412180337,,,,,,,,,,,,,,,,,,,,
2,,1.55019412180337,,,,,,,,,,,,,,,,,,,,
2,,1.55019412180337,,,,,,,,,,,,,,,,,,,,
2,,1.55019412180337,,,,,,,,,,,,,,,,,,,,
2,,1.55019412180337,,,,,,,,,,,,,,,,,,,,
-2,,1.46856146874215,,,,,,,,,,,,,,,,,,,,
2,,1.46856146874215,,,,,,,,,,,,,,,,,,,,
2,,1.54008481707342,,,,,,,,,,,,,,,,,,,,
2,,1.54008481707342,,,,,,,,,,,,,,,,,,,,
2,,1.54008481707342,,,,,,,,,,,,,,,,,,,,
2,,1.54008481707342,,,,,,,,,,,,,,,,,,,,
2,,1.54008481707342,,,,,,,,,,,,,,,,,,,,
2,,1.61114539825582,,,,,,,,,,,,,,,,,,,,
2,,1.61114539825582,,,,,,,,,,,,,,,,,,,,
2,,1.61114539825582,,,,,,,,,,,,,,,,,,,,
2,,1.61114539825582,,,,,,,,,,,,,,,,,,,,
2,,1.69277805131704,,,,,,,,,,,,,,,,,,,,
2,,1.69277805131704,,,,,,,,,,,,,,,,,,,,
2,,1.7642845900375,,,,,,,,,,,,,,,,,,,,
2,,1.7642845900375,,,,,,,,,,,,,,,,,,,,
2,,1.7642845900375,,,,,,,,,,,,,,,,,,,,
2,,1.7642845900375,,,,,,,,,,,,,,,,,,,,
2,,1.7642845900375,,,,,,,,,,,,,,,,,,,,
2,,1.7642845900375,,,,,,,,,,,,,,,,,,,,
2,,1.7642845900375,,,,,,,,,,,,,,,,,,,,
2,,1.7642845900375,,,,,,,,,,,,,,,,,,,,
2,,1.7642845900375,,,,,,,,,,,,,,,,,,,,
2,,1.7642845900375,,,,,,,,,,,,,,,,,,,,
2,,1.7642845900375,,,,,,,,,,,,,,,,,,,,
2,,1.7642845900375,,,,,,,,,,,,,,,,,,,,
2,,1.7642845900375,,,,,,,,,,,,,,,,,,,,
2,,1.7642845900375,,,,,,,,,,,,,,,,,,,,
2,,1.7642845900375,,,,,,,,,,,,,,,,,,,,
2,,1.7642845900375,,,,,,,,,,,,,,,,,,,,
2,,1.7642845900375,,,,,,,,,,,,,,,,,,,,
2,,1.7642845900375,,,,,,,,,,,,,,,,,,,,
2,,1.84591724309873,,,,,,,,,,,,,,,,,,,,
2,,1.84591724309873,,,,,,,,,,,,,,,,,,,,
2,,1.84591724309873,,,,,,,,,,,,,,,,,,,,
2,,1.84591724309873,,,,,,,,,,,,,,,,,,,,
2,,1.84591724309873,,,,,,,,,,,,,,,,,,,,
-1.58439465667903,,1.77276633173793,,,,,,,,,,,,,,,,,,,,
2,,1.77276633173793,,,,,,,,,,,,,,,,,,,,
2,,1.77276633173793,,,,,,,,,,,,,,,,,,,,
2,,1.77276633173793,,,,,,,,,,,,,,,,,,,,
2,,1.77276633173793,,,,,,,,,,,,,,,,,,,,
2,,1.77276633173793,,,,,,,,,,,,,,,,,,,,
2,,1.77276633173793,,,,,,,,,,,,,,,,,,,,
2,,1.77276633173793,,,,,,,,,,,,,,,,,,,,
2,,1.84521643557798,,,,,,,,,,,,,,,,,,,,
2,,1.84521643557798,,,,,,,,,,,,,,,,,,,,
2,,1.84521643557798,,,,,,,,,,,,,,,,,,,,
2,,1.84521643557798,,,,,,,,,,,,,,,,,,,,
2,,1.84521643557798,,,,,,,,,,,,,,,,,,,,
2,,1.9268490886392,,,,,,,,,,,,,,,,,,,,
2,,1.9268490886392,,,,,,,,,,,,,,,,,,,,
2,,1.9268490886392,,,,,,,,,,,,,,,,,,,,
2,,1.9268490886392,,,,,,,,,,,,,,,,,,,,
2,,1.9268490886392,,,,,,,,,,,,,,,,,,,,
2,,1.9268490886392,,,,,,,,,,,,,,,,,,,,
2,,1.9268490886392,,,,,,,,,,,,,,,,,,,,
2,,1.9268490886392,,,,,,,,,,,,,,,,,,,,
2,,1.9268490886392,,,,,,,,,,,,,,,,,,,,
2,,1.9268490886392,,,,,,,,,,,,,,,,,,,,
2,,1.9268490886392,,,,,,,,,,,,,,,,,,,,
2,,1.9268490886392,,,,,,,,,,,,,,,,,,,,
2,,1.9268490886392,,,,,,,,,,,,,,,,,,,,
2,,1.9268490886392,,,,,,,,,,,,,,,,,,,,
2,,1.9268490886392,,,,,,,,,,,,,,,,,,,,
2,,1.9268490886392,,,,,,,,,,,,,,,,,,,,
2,,1.9268490886392,,,,,,,,,,,,,,,,,,,,
2,,1.9268490886392,,,,,,,,,,,,,,,,,,,,
2,,1.9268490886392,,,,,,,,,,,,,,,,,,,,
2,,1.9268490886392,,,,,,,,,,,,,,,,,,,,
2,,1.9268490886392,,,,,,,,,,,,,,,,,,,,
2,,1.9268490886392,,,,,,,,,,,,,,,,,,,,
-1.66294376502335,,1.85209513425097,,,,,,,,,,,,,,,,,,,,
-1.79711764748991,,1.77460293736342,,,,,,,,,,,,,,,,,,,,
-2,,1.6929702843022,,,,,,,,,,,,,,,,,,,,
-2,,1.61133763124097,,,,,,,,,,,,,,,,,,,,
-2,,1.52970497817975,,,,,,,,,,,,,,,,,,,,
-2,,1.44807232511852,,,,,,,,,,,,,,,,,,,,
-2,,1.3664396720573,,,,,,,,,,,,,,,,,,,,
-2,,1.28480701899608,,,,,,,,,,,,,,,,,,,,
2,,1.28480701899608,,,,,,,,,,,,,,,,,,,,
2,,1.28480701899608,,,,,,,,,,,,,,,,,,,,
2,,1.28480701899608,,,,,,,,,,,,,,,,,,,,
2,,1.28480701899608,,,,,,,,,,,,,,,,,,,,
2,,1.28480701899608,,,,,,,,,,,,,,,,,,,,
2,,1.28480701899608,,,,,,,,,,,,,,,,,,,,
2,,1.35795793035687,,,,,,,,,,,,,,,,,,,,
2,,1.35795793035687,,,,,,,,,,,,,,,,,,,,
2,,1.35795793035687,,,,,,,,,,,,,,,,,,,,
2,,1.35795793035687,,,,,,,,,,,,,,,,,,,,
2,,1.35795793035687,,,,,,,,,,,,,,,,,,,,
2,,1.35795793035687,,,,,,,,,,,,,,,,,,,,
2,,1.35795793035687,,,,,,,,,,,,,,,,,,,,
-2,,1.27632527729565,,,,,,,,,,,,,,,,,,,,
2,,1.27632527729565,,,,,,,,,,,,,,,,,,,,
2,,1.27632527729565,,,,,,,,,,,,,,,,,,,,
2,,1.27632527729565,,,,,,,,,,,,,,,,,,,,
2,,1.27632527729565,,,,,,,,,,,,,,,,,,,,
-1.47329529344738,,1.20544169987835,,,,,,,,,,,,,,,,,,,,
2,,1.20544169987835,,,,,,,,,,,,,,,,,,,,
2,,1.20544169987835,,,,,,,,,,,,,,,,,,,,
2,,1.20544169987835,,,,,,,,,,,,,,,,,,,,
2,,1.20544169987835,,,,,,,,,,,,,,,,,,,,
2,,1.20544169987835,,,,,,,,,,,,,,,,,,,,
-2,,1.12380904681713,,,,,,,,,,,,,,,,,,,,
2,,1.12380904681713,,,,,,,,,,,,,,,,,,,,
2,,1.12380904681713,,,,,,,,,,,,,,,,,,,,
2,,1.12380904681713,,,,,,,,,,,,,,,,,,,,
2,,1.12380904681713,,,,,,,,,,,,,,,,,,,,
2,,1.12380904681713,,,,,,,,,,,,,,,,,,,,
2,,1.12380904681713,,,,,,,,,,,,,,,,,,,,
2,,1.12380904681713,,,,,,,,,,,,,,,,,,,,
2,,1.12380904681713,,,,,,,,,,,,,,,,,,,,
2,,1.12380904681713,,,,,,,,,,,,,,,,,,,,
2,,1.12380904681713,,,,,,,,,,,,,,,,,,,,
2,,1.12380904681713,,,,,,,,,,,,,,,,,,,,
2,,1.12380904681713,,,,,,,,,,,,,,,,,,,,
2,,1.12380904681713,,,,,,,,,,,,,,,,,,,,
2,,1.12380904681713,,,,,,,,,,,,,,,,,,,,
-1.50721363993585,,1.05223325824701,,,,,,,,,,,,,,,,,,,,
2,,1.05223325824701,,,,,,,,,,,,,,,,,,,,
-2,,1.04535455957402,,,,,,,,,,,,,,,,,,,,
2,,1.12284675646157,,,,,,,,,,,,,,,,,,,,
-1.47512567329109,,1.13355847741481,,,,,,,,,,,,,,,,,,,,
2,,1.21519113047603,,,,,,,,,,,,,,,,,,,,
2,,1.29682378353726,,,,,,,,,,,,,,,,,,,,
2,,1.37845643659848,,,,,,,,,,,,,,,,,,,,
2,,1.46008908965971,,,,,,,,,,,,,,,,,,,,
2,,1.54172174272093,,,,,,,,,,,,,,,,,,,,
2,,1.54172174272093,,,,,,,,,,,,,,,,,,,,
2,,1.54172174272093,,,,,,,,,,,,,,,,,,,,
2,,1.54172174272093,,,,,,,,,,,,,,,,,,,,
2,,1.54172174272093,,,,,,,,,,,,,,,,,,,,
2,,1.54172174272093,,,,,,,,,,,,,,,,,,,,
2,,1.54172174272093,,,,,,,,,,,,,,,,,,,,
2,,1.54172174272093,,,,,,,,,,,,,,,,,,,,
2,,1.54172174272093,,,,,,,,,,,,,,,,,,,,
2,,1.54172174272093,,,,,,,,,,,,,,,,,,,,
2,,1.54172174272093,,,,,,,,,,,,,,,,,,,,
2,,1.54172174272093,,,,,,,,,,,,,,,,,,,,
2,,1.54172174272093,,,,,,,,,,,,,,,,,,,,
2,,1.54172174272093,,,,,,,,,,,,,,,,,,,,
2,,1.62335439578216,,,,,,,,,,,,,,,,,,,,
2,,1.62335439578216,,,,,,,,,,,,,,,,,,,,
2,,1.62335439578216,,,,,,,,,,,,,,,,,,,,
2,,1.62335439578216,,,,,,,,,,,,,,,,,,,,
2,,1.62335439578216,,,,,,,,,,,,,,,,,,,,
2,,1.69423797319945,,,,,,,,,,,,,,,,,,,,
2,,1.69423797319945,,,,,,,,,,,,,,,,,,,,
2,,1.69423797319945,,,,,,,,,,,,,,,,,,,,
2,,1.69423797319945,,,,,,,,,,,,,,,,,,,,
2,,1.69423797319945,,,,,,,,,,,,,,,,,,,,
2,,1.69423797319945,,,,,,,,,,,,,,,,,,,,
2,,1.77587062626068,,,,,,,,,,,,,,,,,,,,
2,,1.77587062626068,,,,,,,,,,,,,,,,,,,,
-1.55695303886831,,1.70327974791642,,,,,,,,,,,,,,,,,,,,
-1.76825161869824,,1.62637665365728,,,,,,,,,,,,,,,,,,,,
2,,1.62637665365728,,,,,,,,,,,,,,,,,,,,
2,,1.62637665365728,,,,,,,,,,,,,,,,,,,,
2,,1.62637665365728,,,,,,,,,,,,,,,,,,,,
2,,1.62637665365728,,,,,,,,,,,,,,,,,,,,
2,,1.62637665365728,,,,,,,,,,,,,,,,,,,,
2,,1.62637665365728,,,,,,,,,,,,,,,,,,,,
2,,1.62637665365728,,,,,,,,,,,,,,,,,,,,
2,,1.62637665365728,,,,,,,,,,,,,,,,,,,,
-2,,1.54474400059605,,,,,,,,,,,,,,,,,,,,
2,,1.54474400059605,,,,,,,,,,,,,,,,,,,,
2,,1.54474400059605,,,,,,,,,,,,,,,,,,,,
2,,1.61631978916617,,,,,,,,,,,,,,,,,,,,
2,,1.61631978916617,,,,,,,,,,,,,,,,,,,,
2,,1.6979524422274,,,,,,,,,,,,,,,,,,,,
2,,1.6979524422274,,,,,,,,,,,,,,,,,,,,
2,,1.76887337433538,,,,,,,,,,,,,,,,,,,,
2,,1.76887337433538,,,,,,,,,,,,,,,,,,,,
2,,1.76887337433538,,,,,,,,,,,,,,,,,,,,
2,,1.76887337433538,,,,,,,,,,,,,,,,,,,,
2,,1.76887337433538,,,,,,,,,,,,,,,,,,,,
2,,1.76887337433538,,,,,,,,,,,,,,,,,,,,
2,,1.76887337433538,,,,,,,,,,,,,,,,,,,,
2,,1.76887337433538,,,,,,,,,,,,,,,,,,,,
2,,1.76887337433538,,,,,,,,,,,,,,,,,,,,
2,,1.76887337433538,,,,,,,,,,,,,,,,,,,,
2,,1.76887337433538,,,,,,,,,,,,,,,,,,,,
2,,1.76887337433538,,,,,,,,,,,,,,,,,,,,
2,,1.76887337433538,,,,,,,,,,,,,,,,,,,,
2,,1.76887337433538,,,,,,,,,,,,,,,,,,,,
2,,1.76887337433538,,,,,,,,,,,,,,,,,,,,
2,,1.76887337433538,,,,,,,,,,,,,,,,,,,,
2,,1.76887337433538,,,,,,,,,,,,,,,,,,,,
2,,1.76887337433538,,,,,,,,,,,,,,,,,,,,
2,,1.76887337433538,,,,,,,,,,,,,,,,,,,,
2,,1.76887337433538,,,,,,,,,,,,,,,,,,,,
2,,1.76887337433538,,,,,,,,,,,,,,,,,,,,
2,,1.76887337433538,,,,,,,,,,,,,,,,,,,,
2,,1.76887337433538,,,,,,,,,,,,,,,,,,,,
2,,1.76887337433538,,,,,,,,,,,,,,,,,,,,
2,,1.76887337433538,,,,,,,,,,,,,,,,,,,,
2,,1.76887337433538,,,,,,,,,,,,,,,,,,,,
2,,1.76887337433538,,,,,,,,,,,,,,,,,,,,
2,,1.76887337433538,,,,,,,,,,,,,,,,,,,,
2,,1.76887337433538,,,,,,,,,,,,,,,,,,,,
2,,1.76887337433538,,,,,,,,,,,,,,,,,,,,
2,,1.76887337433538,,,,,,,,,,,,,,,,,,,,
2,,1.76887337433538,,,,,,,,,,,,,,,,,,,,
2,,1.84146425267963,,,,,,,,,,,,,,,,,,,,
2,,1.91836734693878,,,,,,,,,,,,,,,,,,,,
2,,1.91836734693878,,,,,,,,,,,,,,,,,,,,
2,,1.91836734693878,,,,,,,,,,,,,,,,,,,,
2,,1.91836734693878,,,,,,,,,,,,,,,,,,,,
2,,1.91836734693878,,,,,,,,,,,,,,,,,,,,
2,,1.91836734693878,,,,,,,,,,,,,,,,,,,,
2,,1.91836734693878,,,,,,,,,,,,,,,,,,,,
2,,1.91836734693878,,,,,,,,,,,,,,,,,,,,
2,,1.91836734693878,,,,,,,,,,,,,,,,,,,,
2,,2,,,,,,,,,,,,,,,,,,,,
2,,2,,,,,,,,,,,,,,,,,,,,
2,,2,,,,,,,,,,,,,,,,,,,,
2,,2,,,,,,,,,,,,,,,,,,,,
2,,2,,,,,,,,,,,,,,,,,,,,
2,,2,,,,,,,,,,,,,,,,,,,,
2,,2,,,,,,,,,,,,,,,,,,,,
2,,2,,,,,,,,,,,,,,,,,,,,
2,,2,,,,,,,,,,,,,,,,,,,,
2,,2,,,,,,,,,,,,,,,,,,,,
2,,2,,,,,,,,,,,,,,,,,,,,
2,,2,,,,,,,,,,,,,,,,,,,,
2,,2,,,,,,,,,,,,,,,,,,,,
2,,2,,,,,,,,,,,,,,,,,,,,
2,,2,,,,,,,,,,,,,,,,,,,,
2,,2,,,,,,,,,,,,,,,,,,,,
2,,2,,,,,,,,,,,,,,,,,,,,
2,,2,,,,,,,,,,,,,,,,,,,,
2,,2,,,,,,,,,,,,,,,,,,,,
2,,2,,,,,,,,,,,,,,,,,,,,
2,,2,,,,,,,,,,,,,,,,,,,,
2,,2,,,,,,,,,,,,,,,,,,,,
-1.75884276230931,,1.92328892321818,,,,,,,,,,,,,,,,,,,,
2,,1.92328892321818,,,,,,,,,,,,,,,,,,,,
-1.69320487178564,,1.84791739522255,,,,,,,,,,,,,,,,,,,,
2,,1.84791739522255,,,,,,,,,,,,,,,,,,,,
2,,1.84791739522255,,,,,,,,,,,,,,,,,,,,
2,,1.84791739522255,,,,,,,,,,,,,,,,,,,,
2,,1.84791739522255,,,,,,,,,,,,,,,,,,,,
2,,1.84791739522255,,,,,,,,,,,,,,,,,,,,
2,,1.84791739522255,,,,,,,,,,,,,,,,,,,,
2,,1.84791739522255,,,,,,,,,,,,,,,,,,,,
2,,1.84791739522255,,,,,,,,,,,,,,,,,,,,
2,,1.84791739522255,,,,,,,,,,,,,,,,,,,,
2,,1.84791739522255,,,,,,,,,,,,,,,,,,,,
2,,1.84791739522255,,,,,,,,,,,,,,,,,,,,
2,,1.84791739522255,,,,,,,,,,,,,,,,,,,,
2,,1.84791739522255,,,,,,,,,,,,,,,,,,,,
2,,1.84791739522255,,,,,,,,,,,,,,,,,,,,
2,,1.84791739522255,,,,,,,,,,,,,,,,,,,,
2,,1.84791739522255,,,,,,,,,,,,,,,,,,,,
2,,1.84791739522255,,,,,,,,,,,,,,,,,,,,
2,,1.84791739522255,,,,,,,,,,,,,,,,,,,,
-1.50992166344822,,1.77628634086647,,,,,,,,,,,,,,,,,,,,
2,,1.77628634086647,,,,,,,,,,,,,,,,,,,,
2,,1.77628634086647,,,,,,,,,,,,,,,,,,,,
2,,1.77628634086647,,,,,,,,,,,,,,,,,,,,
2,,1.77628634086647,,,,,,,,,,,,,,,,,,,,
2,,1.77628634086647,,,,,,,,,,,,,,,,,,,,
2,,1.77628634086647,,,,,,,,,,,,,,,,,,,,
2,,1.77628634086647,,,,,,,,,,,,,,,,,,,,
2,,1.77628634086647,,,,,,,,,,,,,,,,,,,,
2,,1.77628634086647,,,,,,,,,,,,,,,,,,,,
-1.57920740713477,,1.70324129174127,,,,,,,,,,,,,,,,,,,,
2,,1.70324129174127,,,,,,,,,,,,,,,,,,,,
2,,1.70324129174127,,,,,,,,,,,,,,,,,,,,
2,,1.70324129174127,,,,,,,,,,,,,,,,,,,,
2,,1.70324129174127,,,,,,,,,,,,,,,,,,,,
2,,1.70324129174127,,,,,,,,,,,,,,,,,,,,
2,,1.70324129174127,,,,,,,,,,,,,,,,,,,,
2,,1.70324129174127,,,,,,,,,,,,,,,,,,,,
2,,1.70324129174127,,,,,,,,,,,,,,,,,,,,
2,,1.70324129174127,,,,,,,,,,,,,,,,,,,,
2,,1.70324129174127,,,,,,,,,,,,,,,,,,,,
2,,1.70324129174127,,,,,,,,,,,,,,,,,,,,
2,,1.70324129174127,,,,,,,,,,,,,,,,,,,,
2,,1.70324129174127,,,,,,,,,,,,,,,,,,,,
2,,1.70324129174127,,,,,,,,,,,,,,,,,,,,
2,,1.70324129174127,,,,,,,,,,,,,,,,,,,,
2,,1.70324129174127,,,,,,,,,,,,,,,,,,,,
2,,1.70324129174127,,,,,,,,,,,,,,,,,,,,
2,,1.77995236852309,,,,,,,,,,,,,,,,,,,,
2,,1.77995236852309,,,,,,,,,,,,,,,,,,,,
2,,1.85532389651871,,,,,,,,,,,,,,,,,,,,
2,,1.85532389651871,,,,,,,,,,,,,,,,,,,,
2,,1.85532389651871,,,,,,,,,,,,,,,,,,,,
2,,1.85532389651871,,,,,,,,,,,,,,,,,,,,
2,,1.85532389651871,,,,,,,,,,,,,,,,,,,,
2,,1.85532389651871,,,,,,,,,,,,,,,,,,,,
2,,1.85532389651871,,,,,,,,,,,,,,,,,,,,
2,,1.85532389651871,,,,,,,,,,,,,,,,,,,,
2,,1.85532389651871,,,,,,,,,,,,,,,,,,,,
2,,1.85532389651871,,,,,,,,,,,,,,,,,,,,
2,,1.85532389651871,,,,,,,,,,,,,,,,,,,,
2,,1.85532389651871,,,,,,,,,,,,,,,,,,,,
2,,1.85532389651871,,,,,,,,,,,,,,,,,,,,
2,,1.85532389651871,,,,,,,,,,,,,,,,,,,,
2,,1.85532389651871,,,,,,,,,,,,,,,,,,,,
2,,1.85532389651871,,,,,,,,,,,,,,,,,,,,
2,,1.85532389651871,,,,,,,,,,,,,,,,,,,,
2,,1.85532389651871,,,,,,,,,,,,,,,,,,,,
2,,1.85532389651871,,,,,,,,,,,,,,,,,,,,
2,,1.9269549508748,,,,,,,,,,,,,,,,,,,,
2,,1.9269549508748,,,,,,,,,,,,,,,,,,,,
2,,1.9269549508748,,,,,,,,,,,,,,,,,,,,
2,,1.9269549508748,,,,,,,,,,,,,,,,,,,,
2,,1.9269549508748,,,,,,,,,,,,,,,,,,,,
2,,1.9269549508748,,,,,,,,,,,,,,,,,,,,
2,,1.9269549508748,,,,,,,,,,,,,,,,,,,,
2,,1.9269549508748,,,,,,,,,,,,,,,,,,,,
2,,1.9269549508748,,,,,,,,,,,,,,,,,,,,
2,,1.9269549508748,,,,,,,,,,,,,,,,,,,,
-1.56779921276271,,1.92718777116811,,,,,,,,,,,,,,,,,,,,
2,,1.92718777116811,,,,,,,,,,,,,,,,,,,,
2,,1.92718777116811,,,,,,,,,,,,,,,,,,,,
2,,1.92718777116811,,,,,,,,,,,,,,,,,,,,
2,,1.92718777116811,,,,,,,,,,,,,,,,,,,,
2,,1.92718777116811,,,,,,,,,,,,,,,,,,,,
2,,1.92718777116811,,,,,,,,,,,,,,,,,,,,
2,,1.92718777116811,,,,,,,,,,,,,,,,,,,,
2,,1.92718777116811,,,,,,,,,,,,,,,,,,,,
2,,1.92718777116811,,,,,,,,,,,,,,,,,,,,
2,,1.92718777116811,,,,,,,,,,,,,,,,,,,,
2,,1.92718777116811,,,,,,,,,,,,,,,,,,,,
2,,1.92718777116811,,,,,,,,,,,,,,,,,,,,
2,,1.92718777116811,,,,,,,,,,,,,,,,,,,,
2,,1.92718777116811,,,,,,,,,,,,,,,,,,,,
2,,1.92718777116811,,,,,,,,,,,,,,,,,,,,
2,,1.92718777116811,,,,,,,,,,,,,,,,,,,,
2,,1.92718777116811,,,,,,,,,,,,,,,,,,,,
2,,1.92718777116811,,,,,,,,,,,,,,,,,,,,
2,,1.92718777116811,,,,,,,,,,,,,,,,,,,,
2,,1.92718777116811,,,,,,,,,,,,,,,,,,,,
2,,1.92718777116811,,,,,,,,,,,,,,,,,,,,
2,,1.92718777116811,,,,,,,,,,,,,,,,,,,,
2,,1.92718777116811,,,,,,,,,,,,,,,,,,,,
2,,1.92718777116811,,,,,,,,,,,,,,,,,,,,
2,,1.92718777116811,,,,,,,,,,,,,,,,,,,,
-2,,1.84555511810688,,,,,,,,,,,,,,,,,,,,
2,,1.84555511810688,,,,,,,,,,,,,,,,,,,,
2,,1.84555511810688,,,,,,,,,,,,,,,,,,,,
2,,1.84555511810688,,,,,,,,,,,,,,,,,,,,
2,,1.84555511810688,,,,,,,,,,,,,,,,,,,,
-1.57498110700846,,1.77259632000467,,,,,,,,,,,,,,,,,,,,
-1.78243471584618,,1.69540377478332,,,,,,,,,,,,,,,,,,,,
2,,1.69540377478332,,,,,,,,,,,,,,,,,,,,
2,,1.69540377478332,,,,,,,,,,,,,,,,,,,,
2,,1.69540377478332,,,,,,,,,,,,,,,,,,,,
2,,1.69540377478332,,,,,,,,,,,,,,,,,,,,
-1.63817849107385,,1.62115523414916,,,,,,,,,,,,,,,,,,,,
2,,1.62115523414916,,,,,,,,,,,,,,,,,,,,
-1.72949332550764,,1.54504312546533,,,,,,,,,,,,,,,,,,,,
2,,1.54504312546533,,,,,,,,,,,,,,,,,,,,
2,,1.54504312546533,,,,,,,,,,,,,,,,,,,,
-1.4815613357544,,1.47399085330708,,,,,,,,,,,,,,,,,,,,
-1.76424824945033,,1.39716946046115,,,,,,,,,,,,,,,,,,,,
2,,1.39716946046115,,,,,,,,,,,,,,,,,,,,
-1.53200707357526,,1.32508768344941,,,,,,,,,,,,,,,,,,,,
2,,1.32508768344941,,,,,,,,,,,,,,,,,,,,
-1.52502699044049,,1.25314835711389,,,,,,,,,,,,,,,,,,,,
-1.49927026074231,,1.18173467832323,,,,,,,,,,,,,,,,,,,,
-1.47915133562684,,1.18354381867294,,,,,,,,,,,,,,,,,,,,
2,,1.18354381867294,,,,,,,,,,,,,,,,,,,,
2,,1.18354381867294,,,,,,,,,,,,,,,,,,,,
2,,1.18354381867294,,,,,,,,,,,,,,,,,,,,
2,,1.18354381867294,,,,,,,,,,,,,,,,,,,,
2,,1.18354381867294,,,,,,,,,,,,,,,,,,,,
2,,1.18354381867294,,,,,,,,,,,,,,,,,,,,
2,,1.18354381867294,,,,,,,,,,,,,,,,,,,,
-1.53323788668811,,1.11143692302625,,,,,,,,,,,,,,,,,,,,
2,,1.11143692302625,,,,,,,,,,,,,,,,,,,,
2,,1.11143692302625,,,,,,,,,,,,,,,,,,,,
2,,1.11143692302625,,,,,,,,,,,,,,,,,,,,
2,,1.11143692302625,,,,,,,,,,,,,,,,,,,,
-1.5012942384541,,1.039981938568,,,,,,,,,,,,,,,,,,,,
-1.53418123629987,,0.967855790888412,,,,,,,,,,,,,,,,,,,,
2,,0.967855790888412,,,,,,,,,,,,,,,,,,,,
-1.51454337255359,,0.896130415938338,,,,,,,,,,,,,,,,,,,,
-1.51635145930946,,0.824368141258553,,,,,,,,,,,,,,,,,,,,
2,,0.824368141258553,,,,,,,,,,,,,,,,,,,,
2,,0.824368141258553,,,,,,,,,,,,,,,,,,,,
-1.66220339984298,,0.749629296363799,,,,,,,,,,,,,,,,,,,,
-1.49004561565816,,0.678403875636081,,,,,,,,,,,,,,,,,,,,
2,,0.678403875636081,,,,,,,,,,,,,,,,,,,,
-1.63608528745771,,0.604198053443067,,,,,,,,,,,,,,,,,,,,
2,,0.604198053443067,,,,,,,,,,,,,,,,,,,,
-1.69230845499039,,0.528844819667753,,,,,,,,,,,,,,,,,,,,
-1.54331905567348,,0.538164838939723,,,,,,,,,,,,,,,,,,,,
-2,,0.456532185878498,,,,,,,,,,,,,,,,,,,,
2,,0.456532185878498,,,,,,,,,,,,,,,,,,,,
-1.63638448416293,,0.382320257630275,,,,,,,,,,,,,,,,,,,,
-1.47981074169874,,0.311303711881321,,,,,,,,,,,,,,,,,,,,
-1.58253377050459,,0.311149575891604,,,,,,,,,,,,,,,,,,,,
-1.68699918012321,,0.313097239885951,,,,,,,,,,,,,,,,,,,,
-1.7417275374502,,0.236735453407375,,,,,,,,,,,,,,,,,,,,
2,,0.236735453407375,,,,,,,,,,,,,,,,,,,,
-1.84252984074056,,0.158316477065731,,,,,,,,,,,,,,,,,,,,
2,,0.158316477065731,,,,,,,,,,,,,,,,,,,,
-1.7275022007674,,0.156493544214842,,,,,,,,,,,,,,,,,,,,
2,,0.156493544214842,,,,,,,,,,,,,,,,,,,,
-1.56075577032566,,0.159937167789985,,,,,,,,,,,,,,,,,,,,
2,,0.159937167789985,,,,,,,,,,,,,,,,,,,,
-2,,0.07830451472876,,,,,,,,,,,,,,,,,,,,
-2,,0.067724133825789,,,,,,,,,,,,,,,,,,,,
2,,0.144545526671714,,,,,,,,,,,,,,,,,,,,
-1.74742752801478,,0.068067413855086,,,,,,,,,,,,,,,,,,,,
2,,0.140149190866826,,,,,,,,,,,,,,,,,,,,
-1.90936099812388,,0.060366313354093,,,,,,,,,,,,,,,,,,,,
2,,0.132305639689613,,,,,,,,,,,,,,,,,,,,
2,,0.203719318480273,,,,,,,,,,,,,,,,,,,,
2,,0.274722406962453,,,,,,,,,,,,,,,,,,,,
2,,0.274722406962453,,,,,,,,,,,,,,,,,,,,
2,,0.274722406962453,,,,,,,,,,,,,,,,,,,,
2,,0.274722406962453,,,,,,,,,,,,,,,,,,,,
2,,0.274722406962453,,,,,,,,,,,,,,,,,,,,
2,,0.274722406962453,,,,,,,,,,,,,,,,,,,,
2,,0.274722406962453,,,,,,,,,,,,,,,,,,,,
2,,0.274722406962453,,,,,,,,,,,,,,,,,,,,
2,,0.346829302609149,,,,,,,,,,,,,,,,,,,,
2,,0.346829302609149,,,,,,,,,,,,,,,,,,,,
2,,0.346829302609149,,,,,,,,,,,,,,,,,,,,
2,,0.346829302609149,,,,,,,,,,,,,,,,,,,,
2,,0.346829302609149,,,,,,,,,,,,,,,,,,,,
2,,0.418284287067396,,,,,,,,,,,,,,,,,,,,
2,,0.490410434746986,,,,,,,,,,,,,,,,,,,,
2,,0.490410434746986,,,,,,,,,,,,,,,,,,,,
2,,0.562135809697059,,,,,,,,,,,,,,,,,,,,
2,,0.633898084376844,,,,,,,,,,,,,,,,,,,,
-1.52805415710509,,0.561896979129801,,,,,,,,,,,,,,,,,,,,
2,,0.561896979129801,,,,,,,,,,,,,,,,,,,,
2,,0.636635824024556,,,,,,,,,,,,,,,,,,,,
2,,0.707861244752273,,,,,,,,,,,,,,,,,,,,
2,,0.707861244752273,,,,,,,,,,,,,,,,,,,,
2,,0.782067066945288,,,,,,,,,,,,,,,,,,,,
2,,0.782067066945288,,,,,,,,,,,,,,,,,,,,
2,,0.857420300720602,,,,,,,,,,,,,,,,,,,,
2,,0.929732934509856,,,,,,,,,,,,,,,,,,,,
2,,1.01136558757108,,,,,,,,,,,,,,,,,,,,
2,,1.01136558757108,,,,,,,,,,,,,,,,,,,,
2,,1.0855775158193,,,,,,,,,,,,,,,,,,,,
2,,1.15659406156826,,,,,,,,,,,,,,,,,,,,
2,,1.22970699566019,,,,,,,,,,,,,,,,,,,,
2,,1.30495187688719,,,,,,,,,,,,,,,,,,,,
2,,1.38131366336577,,,,,,,,,,,,,,,,,,,,
2,,1.38131366336577,,,,,,,,,,,,,,,,,,,,
2,,1.45973263970741,,,,,,,,,,,,,,,,,,,,
2,,1.45973263970741,,,,,,,,,,,,,,,,,,,,
2,,1.53580411319246,,,,,,,,,,,,,,,,,,,,
2,,1.53580411319246,,,,,,,,,,,,,,,,,,,,
2,,1.60847259830115,,,,,,,,,,,,,,,,,,,,
2,,1.60847259830115,,,,,,,,,,,,,,,,,,,,
2,,1.69010525136237,,,,,,,,,,,,,,,,,,,,
2,,1.7717379044236,,,,,,,,,,,,,,,,,,,,
2,,1.7717379044236,,,,,,,,,,,,,,,,,,,,
2,,1.84821601724022,,,,,,,,,,,,,,,,,,,,
2,,1.84821601724022,,,,,,,,,,,,,,,,,,,,
2,,1.92799889475296,,,,,,,,,,,,,,,,,,,,
2,,1.92799889475296,,,,,,,,,,,,,,,,,,,,
2,,1.92799889475296,,,,,,,,,,,,,,,,,,,,
2,,1.92799889475296,,,,,,,,,,,,,,,,,,,,
-1.50680532443225,,1.8564314391523,,,,,,,,,,,,,,,,,,,,
-1.71863189844787,,1.7805409922452,,,,,,,,,,,,,,,,,,,,
2,,1.7805409922452,,,,,,,,,,,,,,,,,,,,
2,,1.7805409922452,,,,,,,,,,,,,,,,,,,,
2,,1.7805409922452,,,,,,,,,,,,,,,,,,,,
2,,1.7805409922452,,,,,,,,,,,,,,,,,,,,
2,,1.7805409922452,,,,,,,,,,,,,,,,,,,,
2,,1.7805409922452,,,,,,,,,,,,,,,,,,,,
2,,1.7805409922452,,,,,,,,,,,,,,,,,,,,
2,,1.7805409922452,,,,,,,,,,,,,,,,,,,,
2,,1.7805409922452,,,,,,,,,,,,,,,,,,,,
2,,1.7805409922452,,,,,,,,,,,,,,,,,,,,
2,,1.7805409922452,,,,,,,,,,,,,,,,,,,,
2,,1.7805409922452,,,,,,,,,,,,,,,,,,,,
2,,1.7805409922452,,,,,,,,,,,,,,,,,,,,
2,,1.7805409922452,,,,,,,,,,,,,,,,,,,,
2,,1.7805409922452,,,,,,,,,,,,,,,,,,,,
2,,1.85254209749224,,,,,,,,,,,,,,,,,,,,
2,,1.85254209749224,,,,,,,,,,,,,,,,,,,,
2,,1.85254209749224,,,,,,,,,,,,,,,,,,,,
2,,1.85254209749224,,,,,,,,,,,,,,,,,,,,
2,,1.85254209749224,,,,,,,,,,,,,,,,,,,,
2,,1.85254209749224,,,,,,,,,,,,,,,,,,,,
2,,1.85254209749224,,,,,,,,,,,,,,,,,,,,
2,,1.85254209749224,,,,,,,,,,,,,,,,,,,,
2,,1.85254209749224,,,,,,,,,,,,,,,,,,,,
2,,1.85254209749224,,,,,,,,,,,,,,,,,,,,
2,,1.85254209749224,,,,,,,,,,,,,,,,,,,,
2,,1.85254209749224,,,,,,,,,,,,,,,,,,,,
2,,1.85254209749224,,,,,,,,,,,,,,,,,,,,
2,,1.85254209749224,,,,,,,,,,,,,,,,,,,,
2,,1.85254209749224,,,,,,,,,,,,,,,,,,,,
-2,,1.77090944443102,,,,,,,,,,,,,,,,,,,,
2,,1.77090944443102,,,,,,,,,,,,,,,,,,,,
2,,1.77090944443102,,,,,,,,,,,,,,,,,,,,
-1.76224539150596,,1.69412892623702,,,,,,,,,,,,,,,,,,,,
2,,1.69412892623702,,,,,,,,,,,,,,,,,,,,
2,,1.69412892623702,,,,,,,,,,,,,,,,,,,,
2,,1.69412892623702,,,,,,,,,,,,,,,,,,,,
2,,1.69412892623702,,,,,,,,,,,,,,,,,,,,
2,,1.69412892623702,,,,,,,,,,,,,,,,,,,,
2,,1.69412892623702,,,,,,,,,,,,,,,,,,,,
2,,1.69412892623702,,,,,,,,,,,,,,,,,,,,
2,,1.69412892623702,,,,,,,,,,,,,,,,,,,,
2,,1.69412892623702,,,,,,,,,,,,,,,,,,,,
2,,1.69412892623702,,,,,,,,,,,,,,,,,,,,
2,,1.69412892623702,,,,,,,,,,,,,,,,,,,,
2,,1.69412892623702,,,,,,,,,,,,,,,,,,,,
2,,1.69412892623702,,,,,,,,,,,,,,,,,,,,
2,,1.76569638183768,,,,,,,,,,,,,,,,,,,,
2,,1.84158682874478,,,,,,,,,,,,,,,,,,,,
2,,1.84158682874478,,,,,,,,,,,,,,,,,,,,
2,,1.84158682874478,,,,,,,,,,,,,,,,,,,,
2,,1.84158682874478,,,,,,,,,,,,,,,,,,,,
2,,1.84158682874478,,,,,,,,,,,,,,,,,,,,
2,,1.84158682874478,,,,,,,,,,,,,,,,,,,,
2,,1.84158682874478,,,,,,,,,,,,,,,,,,,,
2,,1.84158682874478,,,,,,,,,,,,,,,,,,,,
2,,1.84158682874478,,,,,,,,,,,,,,,,,,,,
2,,1.84158682874478,,,,,,,,,,,,,,,,,,,,
2,,1.84158682874478,,,,,,,,,,,,,,,,,,,,
2,,1.84158682874478,,,,,,,,,,,,,,,,,,,,
2,,1.84158682874478,,,,,,,,,,,,,,,,,,,,
2,,1.84158682874478,,,,,,,,,,,,,,,,,,,,
2,,1.84158682874478,,,,,,,,,,,,,,,,,,,,
2,,1.84158682874478,,,,,,,,,,,,,,,,,,,,
2,,1.84158682874478,,,,,,,,,,,,,,,,,,,,
2,,1.84158682874478,,,,,,,,,,,,,,,,,,,,
-1.50416066022217,,1.7700733458831,,,,,,,,,,,,,,,,,,,,
-1.78932210666835,,1.69274024166538,,,,,,,,,,,,,,,,,,,,
2,,1.69274024166538,,,,,,,,,,,,,,,,,,,,
2,,1.69274024166538,,,,,,,,,,,,,,,,,,,,
2,,1.69274024166538,,,,,,,,,,,,,,,,,,,,
2,,1.69274024166538,,,,,,,,,,,,,,,,,,,,
2,,1.69274024166538,,,,,,,,,,,,,,,,,,,,
2,,1.69274024166538,,,,,,,,,,,,,,,,,,,,
2,,1.69274024166538,,,,,,,,,,,,,,,,,,,,
2,,1.69274024166538,,,,,,,,,,,,,,,,,,,,
2,,1.69274024166538,,,,,,,,,,,,,,,,,,,,
2,,1.69274024166538,,,,,,,,,,,,,,,,,,,,
2,,1.69274024166538,,,,,,,,,,,,,,,,,,,,
2,,1.7743728947266,,,,,,,,,,,,,,,,,,,,
-1.47869608730674,,1.70337909702646,,,,,,,,,,,,,,,,,,,,
2,,1.70337909702646,,,,,,,,,,,,,,,,,,,,
2,,1.78015961522046,,,,,,,,,,,,,,,,,,,,
2,,1.78015961522046,,,,,,,,,,,,,,,,,,,,
2,,1.78015961522046,,,,,,,,,,,,,,,,,,,,
2,,1.78015961522046,,,,,,,,,,,,,,,,,,,,
-1.60493245718181,,1.7065895650739,,,,,,,,,,,,,,,,,,,,
2,,1.7065895650739,,,,,,,,,,,,,,,,,,,,
2,,1.7065895650739,,,,,,,,,,,,,,,,,,,,
2,,1.7065895650739,,,,,,,,,,,,,,,,,,,,
2,,1.7065895650739,,,,,,,,,,,,,,,,,,,,
2,,1.7065895650739,,,,,,,,,,,,,,,,,,,,
2,,1.7065895650739,,,,,,,,,,,,,,,,,,,,
-2,,1.62495691201267,,,,,,,,,,,,,,,,,,,,
2,,1.62495691201267,,,,,,,,,,,,,,,,,,,,
-1.53634014585912,,1.55278670495432,,,,,,,,,,,,,,,,,,,,
2,,1.55278670495432,,,,,,,,,,,,,,,,,,,,
-1.78131184821129,,1.47561707539899,,,,,,,,,,,,,,,,,,,,
2,,1.47561707539899,,,,,,,,,,,,,,,,,,,,
-1.49300120977759,,1.40433133642394,,,,,,,,,,,,,,,,,,,,
-1.52292088029981,,1.33243499192802,,,,,,,,,,,,,,,,,,,,
-2,,1.2508023388668,,,,,,,,,,,,,,,,,,,,
-1.58765296746492,,1.17758493136751,,,,,,,,,,,,,,,,,,,,
-1.49768041158318,,1.10620369847806,,,,,,,,,,,,,,,,,,,,
2,,1.10620369847806,,,,,,,,,,,,,,,,,,,,
-1.89156876738667,,1.02678392771507,,,,,,,,,,,,,,,,,,,,
2,,1.02678392771507,,,,,,,,,,,,,,,,,,,,
2,,1.02678392771507,,,,,,,,,,,,,,,,,,,,
2,,1.02678392771507,,,,,,,,,,,,,,,,,,,,
2,,1.02678392771507,,,,,,,,,,,,,,,,,,,,
2,,1.02678392771507,,,,,,,,,,,,,,,,,,,,
2,,1.02678392771507,,,,,,,,,,,,,,,,,,,,
2,,1.02678392771507,,,,,,,,,,,,,,,,,,,,
2,,1.02678392771507,,,,,,,,,,,,,,,,,,,,
2,,1.02678392771507,,,,,,,,,,,,,,,,,,,,
2,,1.09829741057675,,,,,,,,,,,,,,,,,,,,
2,,1.17563051479447,,,,,,,,,,,,,,,,,,,,
2,,1.17563051479447,,,,,,,,,,,,,,,,,,,,
2,,1.17563051479447,,,,,,,,,,,,,,,,,,,,
2,,1.17563051479447,,,,,,,,,,,,,,,,,,,,
2,,1.17563051479447,,,,,,,,,,,,,,,,,,,,
2,,1.17563051479447,,,,,,,,,,,,,,,,,,,,
2,,1.17563051479447,,,,,,,,,,,,,,,,,,,,
2,,1.17563051479447,,,,,,,,,,,,,,,,,,,,
2,,1.17563051479447,,,,,,,,,,,,,,,,,,,,
2,,1.17563051479447,,,,,,,,,,,,,,,,,,,,
2,,1.17563051479447,,,,,,,,,,,,,,,,,,,,
2,,1.17563051479447,,,,,,,,,,,,,,,,,,,,
2,,1.17563051479447,,,,,,,,,,,,,,,,,,,,
2,,1.2466243124946,,,,,,,,,,,,,,,,,,,,
2,,1.2466243124946,,,,,,,,,,,,,,,,,,,,
2,,1.2466243124946,,,,,,,,,,,,,,,,,,,,
2,,1.2466243124946,,,,,,,,,,,,,,,,,,,,
2,,1.2466243124946,,,,,,,,,,,,,,,,,,,,
2,,1.2466243124946,,,,,,,,,,,,,,,,,,,,
2,,1.32019436264117,,,,,,,,,,,,,,,,,,,,
2,,1.32019436264117,,,,,,,,,,,,,,,,,,,,
-2,,1.23856170957995,,,,,,,,,,,,,,,,,,,,
2,,1.23856170957995,,,,,,,,,,,,,,,,,,,,
2,,1.23856170957995,,,,,,,,,,,,,,,,,,,,
2,,1.23856170957995,,,,,,,,,,,,,,,,,,,,
2,,1.23856170957995,,,,,,,,,,,,,,,,,,,,
2,,1.32019436264117,,,,,,,,,,,,,,,,,,,,
2,,1.32019436264117,,,,,,,,,,,,,,,,,,,,
2,,1.39236456969952,,,,,,,,,,,,,,,,,,,,
2,,1.39236456969952,,,,,,,,,,,,,,,,,,,,
2,,1.46953419925485,,,,,,,,,,,,,,,,,,,,
2,,1.46953419925485,,,,,,,,,,,,,,,,,,,,
2,,1.54081993822991,,,,,,,,,,,,,,,,,,,,
2,,1.61271628272582,,,,,,,,,,,,,,,,,,,,
2,,1.69434893578705,,,,,,,,,,,,,,,,,,,,
2,,1.76756634328633,,,,,,,,,,,,,,,,,,,,
2,,1.83894757617578,,,,,,,,,,,,,,,,,,,,
2,,1.83894757617578,,,,,,,,,,,,,,,,,,,,
2,,1.91836734693878,,,,,,,,,,,,,,,,,,,,
2,,1.91836734693878,,,,,,,,,,,,,,,,,,,,
2,,1.91836734693878,,,,,,,,,,,,,,,,,,,,
2,,1.91836734693878,,,,,,,,,,,,,,,,,,,,
2,,1.91836734693878,,,,,,,,,,,,,,,,,,,,
2,,1.91836734693878,,,,,,,,,,,,,,,,,,,,
2,,1.91836734693878,,,,,,,,,,,,,,,,,,,,
2,,1.91836734693878,,,,,,,,,,,,,,,,,,,,
2,,1.91836734693878,,,,,,,,,,,,,,,,,,,,
2,,1.91836734693878,,,,,,,,,,,,,,,,,,,,
2,,1.91836734693878,,,,,,,,,,,,,,,,,,,,
2,,1.91836734693878,,,,,,,,,,,,,,,,,,,,
2,,1.91836734693878,,,,,,,,,,,,,,,,,,,,
2,,1.91836734693878,,,,,,,,,,,,,,,,,,,,
2,,1.91836734693878,,,,,,,,,,,,,,,,,,,,
-1.6453240123868,,1.84397297933904,,,,,,,,,,,,,,,,,,,,
-1.74606999629736,,1.76752257125134,,,,,,,,,,,,,,,,,,,,
2,,1.76752257125134,,,,,,,,,,,,,,,,,,,,
2,,1.76752257125134,,,,,,,,,,,,,,,,,,,,
2,,1.76752257125134,,,,,,,,,,,,,,,,,,,,
2,,1.76752257125134,,,,,,,,,,,,,,,,,,,,
2,,1.76752257125134,,,,,,,,,,,,,,,,,,,,
2,,1.76752257125134,,,,,,,,,,,,,,,,,,,,
2,,1.76752257125134,,,,,,,,,,,,,,,,,,,,
2,,1.76752257125134,,,,,,,,,,,,,,,,,,,,
2,,1.76752257125134,,,,,,,,,,,,,,,,,,,,
2,,1.76752257125134,,,,,,,,,,,,,,,,,,,,
2,,1.76752257125134,,,,,,,,,,,,,,,,,,,,
2,,1.76752257125134,,,,,,,,,,,,,,,,,,,,
2,,1.76752257125134,,,,,,,,,,,,,,,,,,,,
2,,1.76752257125134,,,,,,,,,,,,,,,,,,,,
2,,1.76752257125134,,,,,,,,,,,,,,,,,,,,
2,,1.84915522431257,,,,,,,,,,,,,,,,,,,,
2,,1.84915522431257,,,,,,,,,,,,,,,,,,,,
2,,1.84915522431257,,,,,,,,,,,,,,,,,,,,
2,,1.84915522431257,,,,,,,,,,,,,,,,,,,,
2,,1.84915522431257,,,,,,,,,,,,,,,,,,,,
2,,1.84915522431257,,,,,,,,,,,,,,,,,,,,
2,,1.84915522431257,,,,,,,,,,,,,,,,,,,,
2,,1.84915522431257,,,,,,,,,,,,,,,,,,,,
-1.70291527152061,,1.77358552489378,,,,,,,,,,,,,,,,,,,,
-1.52099428818226,,1.70172849860435,,,,,,,,,,,,,,,,,,,,
2,,1.70172849860435,,,,,,,,,,,,,,,,,,,,
2,,1.70172849860435,,,,,,,,,,,,,,,,,,,,
-1.49673588865101,,1.6303665416931,,,,,,,,,,,,,,,,,,,,
2,,1.6303665416931,,,,,,,,,,,,,,,,,,,,
2,,1.6303665416931,,,,,,,,,,,,,,,,,,,,
2,,1.6303665416931,,,,,,,,,,,,,,,,,,,,
2,,1.6303665416931,,,,,,,,,,,,,,,,,,,,
2,,1.6303665416931,,,,,,,,,,,,,,,,,,,,
2,,1.6303665416931,,,,,,,,,,,,,,,,,,,,
-1.6514428783387,,1.55584729927803,,,,,,,,,,,,,,,,,,,,
2,,1.55584729927803,,,,,,,,,,,,,,,,,,,,
2,,1.55584729927803,,,,,,,,,,,,,,,,,,,,
2,,1.55584729927803,,,,,,,,,,,,,,,,,,,,
2,,1.55584729927803,,,,,,,,,,,,,,,,,,,,
2,,1.55584729927803,,,,,,,,,,,,,,,,,,,,
-2,,1.4742146462168,,,,,,,,,,,,,,,,,,,,
-2,,1.39258199315558,,,,,,,,,,,,,,,,,,,,
2,,1.39258199315558,,,,,,,,,,,,,,,,,,,,
-1.67464059621692,,1.31758932792666,,,,,,,,,,,,,,,,,,,,
2,,1.31758932792666,,,,,,,,,,,,,,,,,,,,
2,,1.31758932792666,,,,,,,,,,,,,,,,,,,,
2,,1.31758932792666,,,,,,,,,,,,,,,,,,,,
2,,1.39198369552639,,,,,,,,,,,,,,,,,,,,
2,,1.46843410361409,,,,,,,,,,,,,,,,,,,,
-1.47529345811009,,1.39750974732613,,,,,,,,,,,,,,,,,,,,
2,,1.39750974732613,,,,,,,,,,,,,,,,,,,,
2,,1.39750974732613,,,,,,,,,,,,,,,,,,,,
2,,1.39750974732613,,,,,,,,,,,,,,,,,,,,
2,,1.39750974732613,,,,,,,,,,,,,,,,,,,,
2,,1.39750974732613,,,,,,,,,,,,,,,,,,,,
2,,1.39750974732613,,,,,,,,,,,,,,,,,,,,
2,,1.39750974732613,,,,,,,,,,,,,,,,,,,,
2,,1.39750974732613,,,,,,,,,,,,,,,,,,,,
-1.48135483136177,,1.32646168954324,,,,,,,,,,,,,,,,,,,,
2,,1.32646168954324,,,,,,,,,,,,,,,,,,,,
2,,1.32646168954324,,,,,,,,,,,,,,,,,,,,
-1.79405645453334,,1.24903196598133,,,,,,,,,,,,,,,,,,,,
-1.48635786960125,,1.17788180537723,,,,,,,,,,,,,,,,,,,,
-1.77528098129034,,1.10083525473865,,,,,,,,,,,,,,,,,,,,
2,,1.10083525473865,,,,,,,,,,,,,,,,,,,,
2,,1.10083525473865,,,,,,,,,,,,,,,,,,,,
2,,1.10083525473865,,,,,,,,,,,,,,,,,,,,
2,,1.10083525473865,,,,,,,,,,,,,,,,,,,,
2,,1.10083525473865,,,,,,,,,,,,,,,,,,,,
2,,1.10083525473865,,,,,,,,,,,,,,,,,,,,
2,,1.10083525473865,,,,,,,,,,,,,,,,,,,,
2,,1.10083525473865,,,,,,,,,,,,,,,,,,,,
2,,1.17640495415744,,,,,,,,,,,,,,,,,,,,
2,,1.24826198044687,,,,,,,,,,,,,,,,,,,,
2,,1.24826198044687,,,,,,,,,,,,,,,,,,,,
2,,1.24826198044687,,,,,,,,,,,,,,,,,,,,
2,,1.31962393735811,,,,,,,,,,,,,,,,,,,,
2,,1.31962393735811,,,,,,,,,,,,,,,,,,,,
2,,1.31962393735811,,,,,,,,,,,,,,,,,,,,
2,,1.31962393735811,,,,,,,,,,,,,,,,,,,,
2,,1.31962393735811,,,,,,,,,,,,,,,,,,,,
2,,1.31962393735811,,,,,,,,,,,,,,,,,,,,
2,,1.31962393735811,,,,,,,,,,,,,,,,,,,,
2,,1.39414317977319,,,,,,,,,,,,,,,,,,,,
2,,1.39414317977319,,,,,,,,,,,,,,,,,,,,
2,,1.39414317977319,,,,,,,,,,,,,,,,,,,,
2,,1.39414317977319,,,,,,,,,,,,,,,,,,,,
2,,1.39414317977319,,,,,,,,,,,,,,,,,,,,
2,,1.39414317977319,,,,,,,,,,,,,,,,,,,,
2,,1.47577583283441,,,,,,,,,,,,,,,,,,,,
2,,1.55740848589564,,,,,,,,,,,,,,,,,,,,
2,,1.55740848589564,,,,,,,,,,,,,,,,,,,,
2,,1.63240115112456,,,,,,,,,,,,,,,,,,,,
2,,1.63240115112456,,,,,,,,,,,,,,,,,,,,
2,,1.63240115112456,,,,,,,,,,,,,,,,,,,,
2,,1.63240115112456,,,,,,,,,,,,,,,,,,,,
2,,1.63240115112456,,,,,,,,,,,,,,,,,,,,
2,,1.63240115112456,,,,,,,,,,,,,,,,,,,,
2,,1.70332550741252,,,,,,,,,,,,,,,,,,,,
2,,1.70332550741252,,,,,,,,,,,,,,,,,,,,
2,,1.70332550741252,,,,,,,,,,,,,,,,,,,,
-1.74737238195539,,1.62684852002567,,,,,,,,,,,,,,,,,,,,
2,,1.62684852002567,,,,,,,,,,,,,,,,,,,,
2,,1.62684852002567,,,,,,,,,,,,,,,,,,,,
2,,1.62684852002567,,,,,,,,,,,,,,,,,,,,
2,,1.62684852002567,,,,,,,,,,,,,,,,,,,,
2,,1.62684852002567,,,,,,,,,,,,,,,,,,,,
2,,1.69789657780856,,,,,,,,,,,,,,,,,,,,
2,,1.69789657780856,,,,,,,,,,,,,,,,,,,,
2,,1.69789657780857,,,,,,,,,,,,,,,,,,,,
2,,1.77532630137047,,,,,,,,,,,,,,,,,,,,
2,,1.84647646197458,,,,,,,,,,,,,,,,,,,,
2,,1.92352301261316,,,,,,,,,,,,,,,,,,,,
2,,1.92352301261316,,,,,,,,,,,,,,,,,,,,
2,,1.92352301261316,,,,,,,,,,,,,,,,,,,,
2,,1.92352301261316,,,,,,,,,,,,,,,,,,,,
2,,1.92352301261316,,,,,,,,,,,,,,,,,,,,
2,,1.92352301261316,,,,,,,,,,,,,,,,,,,,
2,,1.92352301261316,,,,,,,,,,,,,,,,,,,,
2,,1.92352301261316,,,,,,,,,,,,,,,,,,,,
2,,1.92352301261316,,,,,,,,,,,,,,,,,,,,
2,,1.92352301261316,,,,,,,,,,,,,,,,,,,,
2,,1.92352301261316,,,,,,,,,,,,,,,,,,,,
2,,1.92352301261316,,,,,,,,,,,,,,,,,,,,
2,,1.92352301261316,,,,,,,,,,,,,,,,,,,,
2,,1.92352301261316,,,,,,,,,,,,,,,,,,,,
2,,1.92352301261316,,,,,,,,,,,,,,,,,,,,
2,,1.92352301261316,,,,,,,,,,,,,,,,,,,,
2,,1.92352301261316,,,,,,,,,,,,,,,,,,,,
2,,1.92352301261316,,,,,,,,,,,,,,,,,,,,
2,,1.92352301261316,,,,,,,,,,,,,,,,,,,,
2,,1.92352301261316,,,,,,,,,,,,,,,,,,,,
2,,1.92352301261316,,,,,,,,,,,,,,,,,,,,
2,,1.92352301261316,,,,,,,,,,,,,,,,,,,,
2,,1.92352301261316,,,,,,,,,,,,,,,,,,,,
2,,1.92352301261316,,,,,,,,,,,,,,,,,,,,
2,,1.92352301261316,,,,,,,,,,,,,,,,,,,,
2,,1.92352301261316,,,,,,,,,,,,,,,,,,,,
2,,1.92352301261316,,,,,,,,,,,,,,,,,,,,
2,,1.92352301261316,,,,,,,,,,,,,,,,,,,,
2,,1.92352301261316,,,,,,,,,,,,,,,,,,,,
2,,1.92352301261316,,,,,,,,,,,,,,,,,,,,
2,,1.92352301261316,,,,,,,,,,,,,,,,,,,,
2,,1.92352301261316,,,,,,,,,,,,,,,,,,,,
2,,1.92352301261316,,,,,,,,,,,,,,,,,,,,
2,,1.92352301261316,,,,,,,,,,,,,,,,,,,,
2,,1.92352301261316,,,,,,,,,,,,,,,,,,,,
2,,1.92352301261316,,,,,,,,,,,,,,,,,,,,
2,,1.92352301261316,,,,,,,,,,,,,,,,,,,,
2,,1.92352301261316,,,,,,,,,,,,,,,,,,,,
2,,2,,,,,,,,,,,,,,,,,,,,
2,,2,,,,,,,,,,,,,,,,,,,,
2,,2,,,,,,,,,,,,,,,,,,,,
2,,2,,,,,,,,,,,,,,,,,,,,
2,,2,,,,,,,,,,,,,,,,,,,,
2,,2,,,,,,,,,,,,,,,,,,,,
2,,2,,,,,,,,,,,,,,,,,,,,
2,,2,,,,,,,,,,,,,,,,,,,,
2,,2,,,,,,,,,,,,,,,,,,,,
2,,2,,,,,,,,,,,,,,,,,,,,
2,,2,,,,,,,,,,,,,,,,,,,,
2,,2,,,,,,,,,,,,,,,,,,,,
2,,2,,,,,,,,,,,,,,,,,,,,
2,,2,,,,,,,,,,,,,,,,,,,,
2,,2,,,,,,,,,,,,,,,,,,,,
2,,2,,,,,,,,,,,,,,,,,,,,
2,,2,,,,,,,,,,,,,,,,,,,,
2,,2,,,,,,,,,,,,,,,,,,,,
2,,2,,,,,,,,,,,,,,,,,,,,
2,,2,,,,,,,,,,,,,,,,,,,,
2,,2,,,,,,,,,,,,,,,,,,,,
2,,2,,,,,,,,,,,,,,,,,,,,
2,,2,,,,,,,,,,,,,,,,,,,,
2,,2,,,,,,,,,,,,,,,,,,,,
-1.50576810918748,,1.9284537120574,,,,,,,,,,,,,,,,,,,,
2,,1.9284537120574,,,,,,,,,,,,,,,,,,,,
2,,1.9284537120574,,,,,,,,,,,,,,,,,,,,
2,,1.9284537120574,,,,,,,,,,,,,,,,,,,,
2,,1.9284537120574,,,,,,,,,,,,,,,,,,,,
2,,1.9284537120574,,,,,,,,,,,,,,,,,,,,
2,,1.9284537120574,,,,,,,,,,,,,,,,,,,,
2,,1.9284537120574,,,,,,,,,,,,,,,,,,,,
2,,1.9284537120574,,,,,,,,,,,,,,,,,,,,
2,,1.9284537120574,,,,,,,,,,,,,,,,,,,,
2,,1.9284537120574,,,,,,,,,,,,,,,,,,,,
2,,1.9284537120574,,,,,,,,,,,,,,,,,,,,
2,,1.9284537120574,,,,,,,,,,,,,,,,,,,,
2,,1.9284537120574,,,,,,,,,,,,,,,,,,,,
2,,1.9284537120574,,,,,,,,,,,,,,,,,,,,
2,,1.9284537120574,,,,,,,,,,,,,,,,,,,,
2,,1.9284537120574,,,,,,,,,,,,,,,,,,,,
2,,1.9284537120574,,,,,,,,,,,,,,,,,,,,
2,,1.9284537120574,,,,,,,,,,,,,,,,,,,,
2,,1.9284537120574,,,,,,,,,,,,,,,,,,,,
-1.61119212158322,,1.85475591365774,,,,,,,,,,,,,,,,,,,,
-1.62187872390151,,1.78084002133322,,,,,,,,,,,,,,,,,,,,
2,,1.78084002133322,,,,,,,,,,,,,,,,,,,,
2,,1.78084002133322,,,,,,,,,,,,,,,,,,,,
2,,1.78084002133322,,,,,,,,,,,,,,,,,,,,
2,,1.78084002133322,,,,,,,,,,,,,,,,,,,,
2,,1.78084002133322,,,,,,,,,,,,,,,,,,,,
2,,1.78084002133322,,,,,,,,,,,,,,,,,,,,
2,,1.78084002133322,,,,,,,,,,,,,,,,,,,,
2,,1.78084002133322,,,,,,,,,,,,,,,,,,,,
2,,1.78084002133322,,,,,,,,,,,,,,,,,,,,
2,,1.78084002133322,,,,,,,,,,,,,,,,,,,,
2,,1.78084002133322,,,,,,,,,,,,,,,,,,,,
2,,1.78084002133322,,,,,,,,,,,,,,,,,,,,
2,,1.78084002133322,,,,,,,,,,,,,,,,,,,,
2,,1.78084002133322,,,,,,,,,,,,,,,,,,,,
2,,1.78084002133322,,,,,,,,,,,,,,,,,,,,
2,,1.78084002133322,,,,,,,,,,,,,,,,,,,,
2,,1.78084002133322,,,,,,,,,,,,,,,,,,,,
2,,1.78084002133322,,,,,,,,,,,,,,,,,,,,
2,,1.78084002133322,,,,,,,,,,,,,,,,,,,,
2,,1.78084002133322,,,,,,,,,,,,,,,,,,,,
2,,1.78084002133322,,,,,,,,,,,,,,,,,,,,
2,,1.78084002133322,,,,,,,,,,,,,,,,,,,,
2,,1.78084002133322,,,,,,,,,,,,,,,,,,,,
2,,1.78084002133322,,,,,,,,,,,,,,,,,,,,
2,,1.78084002133322,,,,,,,,,,,,,,,,,,,,
-1.76121404286325,,1.70408055107071,,,,,,,,,,,,,,,,,,,,
2,,1.70408055107071,,,,,,,,,,,,,,,,,,,,
2,,1.77562683901331,,,,,,,,,,,,,,,,,,,,
2,,1.77562683901331,,,,,,,,,,,,,,,,,,,,
2,,1.77562683901331,,,,,,,,,,,,,,,,,,,,
2,,1.77562683901331,,,,,,,,,,,,,,,,,,,,
2,,1.77562683901331,,,,,,,,,,,,,,,,,,,,
2,,1.77562683901331,,,,,,,,,,,,,,,,,,,,
2,,1.77562683901331,,,,,,,,,,,,,,,,,,,,
2,,1.77562683901331,,,,,,,,,,,,,,,,,,,,
2,,1.77562683901331,,,,,,,,,,,,,,,,,,,,
-1.61267989186645,,1.70189867795481,,,,,,,,,,,,,,,,,,,,
2,,1.70189867795481,,,,,,,,,,,,,,,,,,,,
2,,1.70189867795481,,,,,,,,,,,,,,,,,,,,
2,,1.70189867795481,,,,,,,,,,,,,,,,,,,,
2,,1.70189867795481,,,,,,,,,,,,,,,,,,,,
2,,1.70189867795481,,,,,,,,,,,,,,,,,,,,
2,,1.70189867795481,,,,,,,,,,,,,,,,,,,,
2,,1.70189867795481,,,,,,,,,,,,,,,,,,,,
-1.74085106710196,,1.6255547786262,,,,,,,,,,,,,,,,,,,,
2,,1.6255547786262,,,,,,,,,,,,,,,,,,,,
2,,1.6255547786262,,,,,,,,,,,,,,,,,,,,
2,,1.69925257702585,,,,,,,,,,,,,,,,,,,,
2,,1.77316846935037,,,,,,,,,,,,,,,,,,,,
2,,1.77316846935037,,,,,,,,,,,,,,,,,,,,
2,,1.77316846935037,,,,,,,,,,,,,,,,,,,,
2,,1.77316846935037,,,,,,,,,,,,,,,,,,,,
2,,1.77316846935037,,,,,,,,,,,,,,,,,,,,
2,,1.77316846935037,,,,,,,,,,,,,,,,,,,,
2,,1.77316846935037,,,,,,,,,,,,,,,,,,,,
-1.65963148149848,,1.6984821125851,,,,,,,,,,,,,,,,,,,,
2,,1.6984821125851,,,,,,,,,,,,,,,,,,,,
-1.5324658418566,,1.62639097295537,,,,,,,,,,,,,,,,,,,,
2,,1.62639097295537,,,,,,,,,,,,,,,,,,,,
2,,1.62639097295537,,,,,,,,,,,,,,,,,,,,
2,,1.62639097295537,,,,,,,,,,,,,,,,,,,,
2,,1.62639097295537,,,,,,,,,,,,,,,,,,,,
2,,1.62639097295537,,,,,,,,,,,,,,,,,,,,
2,,1.62639097295537,,,,,,,,,,,,,,,,,,,,
2,,1.62639097295537,,,,,,,,,,,,,,,,,,,,
2,,1.62639097295537,,,,,,,,,,,,,,,,,,,,
2,,1.62639097295537,,,,,,,,,,,,,,,,,,,,
2,,1.62639097295537,,,,,,,,,,,,,,,,,,,,
2,,1.62639097295537,,,,,,,,,,,,,,,,,,,,
2,,1.62639097295537,,,,,,,,,,,,,,,,,,,,
2,,1.62639097295537,,,,,,,,,,,,,,,,,,,,
2,,1.62639097295537,,,,,,,,,,,,,,,,,,,,
2,,1.62639097295537,,,,,,,,,,,,,,,,,,,,
2,,1.62639097295537,,,,,,,,,,,,,,,,,,,,
2,,1.70315044321789,,,,,,,,,,,,,,,,,,,,
2,,1.70315044321789,,,,,,,,,,,,,,,,,,,,
2,,1.70315044321789,,,,,,,,,,,,,,,,,,,,
2,,1.70315044321789,,,,,,,,,,,,,,,,,,,,
2,,1.70315044321789,,,,,,,,,,,,,,,,,,,,
2,,1.70315044321789,,,,,,,,,,,,,,,,,,,,
2,,1.70315044321789,,,,,,,,,,,,,,,,,,,,
2,,1.70315044321789,,,,,,,,,,,,,,,,,,,,
2,,1.70315044321789,,,,,,,,,,,,,,,,,,,,
2,,1.70315044321789,,,,,,,,,,,,,,,,,,,,
2,,1.70315044321789,,,,,,,,,,,,,,,,,,,,
2,,1.77687860427639,,,,,,,,,,,,,,,,,,,,
2,,1.77687860427639,,,,,,,,,,,,,,,,,,,,
2,,1.77687860427639,,,,,,,,,,,,,,,,,,,,
2,,1.77687860427639,,,,,,,,,,,,,,,,,,,,
2,,1.77687860427639,,,,,,,,,,,,,,,,,,,,
2,,1.77687860427639,,,,,,,,,,,,,,,,,,,,
2,,1.77687860427639,,,,,,,,,,,,,,,,,,,,
2,,1.77687860427639,,,,,,,,,,,,,,,,,,,,
2,,1.853222503605,,,,,,,,,,,,,,,,,,,,
2,,1.853222503605,,,,,,,,,,,,,,,,,,,,
2,,1.853222503605,,,,,,,,,,,,,,,,,,,,
2,,1.853222503605,,,,,,,,,,,,,,,,,,,,
2,,1.853222503605,,,,,,,,,,,,,,,,,,,,
2,,1.853222503605,,,,,,,,,,,,,,,,,,,,
2,,1.853222503605,,,,,,,,,,,,,,,,,,,,
2,,1.853222503605,,,,,,,,,,,,,,,,,,,,
2,,1.853222503605,,,,,,,,,,,,,,,,,,,,
2,,1.853222503605,,,,,,,,,,,,,,,,,,,,
2,,1.853222503605,,,,,,,,,,,,,,,,,,,,
2,,1.92790886037027,,,,,,,,,,,,,,,,,,,,
2,,1.92790886037027,,,,,,,,,,,,,,,,,,,,
2,,2,,,,,,,,,,,,,,,,,,,,
2,,2,,,,,,,,,,,,,,,,,,,,
2,,2,,,,,,,,,,,,,,,,,,,,
2,,2,,,,,,,,,,,,,,,,,,,,
2,,2,,,,,,,,,,,,,,,,,,,,
2,,2,,,,,,,,,,,,,,,,,,,,
2,,2,,,,,,,,,,,,,,,,,,,,
-1.8007760605365,,1.9224331416217,,,,,,,,,,,,,,,,,,,,
2,,1.9224331416217,,,,,,,,,,,,,,,,,,,,
2,,1.9224331416217,,,,,,,,,,,,,,,,,,,,
-1.67773933542669,,1.84737723681708,,,,,,,,,,,,,,,,,,,,
2,,1.84737723681708,,,,,,,,,,,,,,,,,,,,
2,,1.84737723681708,,,,,,,,,,,,,,,,,,,,
2,,1.84737723681708,,,,,,,,,,,,,,,,,,,,
2,,1.84737723681708,,,,,,,,,,,,,,,,,,,,
2,,1.84737723681708,,,,,,,,,,,,,,,,,,,,
2,,1.84737723681708,,,,,,,,,,,,,,,,,,,,
2,,1.84737723681708,,,,,,,,,,,,,,,,,,,,
2,,1.84737723681708,,,,,,,,,,,,,,,,,,,,
2,,1.84737723681708,,,,,,,,,,,,,,,,,,,,
2,,1.84737723681708,,,,,,,,,,,,,,,,,,,,
2,,1.84737723681708,,,,,,,,,,,,,,,,,,,,
2,,1.84737723681708,,,,,,,,,,,,,,,,,,,,
2,,1.84737723681708,,,,,,,,,,,,,,,,,,,,
2,,1.84737723681708,,,,,,,,,,,,,,,,,,,,
-1.51361292946637,,1.77567085050144,,,,,,,,,,,,,,,,,,,,
2,,1.77567085050144,,,,,,,,,,,,,,,,,,,,
2,,1.77567085050144,,,,,,,,,,,,,,,,,,,,
2,,1.77567085050144,,,,,,,,,,,,,,,,,,,,
2,,1.77567085050144,,,,,,,,,,,,,,,,,,,,
2,,1.77567085050144,,,,,,,,,,,,,,,,,,,,
2,,1.77567085050144,,,,,,,,,,,,,,,,,,,,
2,,1.77567085050144,,,,,,,,,,,,,,,,,,,,
2,,1.77567085050144,,,,,,,,,,,,,,,,,,,,
2,,1.77567085050144,,,,,,,,,,,,,,,,,,,,
2,,1.77567085050144,,,,,,,,,,,,,,,,,,,,
2,,1.77567085050144,,,,,,,,,,,,,,,,,,,,
2,,1.77567085050144,,,,,,,,,,,,,,,,,,,,
2,,1.77567085050144,,,,,,,,,,,,,,,,,,,,
2,,1.77567085050144,,,,,,,,,,,,,,,,,,,,
2,,1.77567085050144,,,,,,,,,,,,,,,,,,,,
2,,1.77567085050144,,,,,,,,,,,,,,,,,,,,
2,,1.77567085050144,,,,,,,,,,,,,,,,,,,,
2,,1.77567085050144,,,,,,,,,,,,,,,,,,,,
2,,1.77567085050144,,,,,,,,,,,,,,,,,,,,
2,,1.77567085050144,,,,,,,,,,,,,,,,,,,,
2,,1.77567085050144,,,,,,,,,,,,,,,,,,,,
2,,1.77567085050144,,,,,,,,,,,,,,,,,,,,
2,,1.77567085050144,,,,,,,,,,,,,,,,,,,,
2,,1.77567085050144,,,,,,,,,,,,,,,,,,,,
2,,1.77567085050144,,,,,,,,,,,,,,,,,,,,
2,,1.77567085050144,,,,,,,,,,,,,,,,,,,,
2,,1.77567085050144,,,,,,,,,,,,,,,,,,,,
2,,1.77567085050144,,,,,,,,,,,,,,,,,,,,
2,,1.77567085050144,,,,,,,,,,,,,,,,,,,,
2,,1.77567085050144,,,,,,,,,,,,,,,,,,,,
2,,1.85323770887973,,,,,,,,,,,,,,,,,,,,
2,,1.85323770887973,,,,,,,,,,,,,,,,,,,,
2,,1.85323770887973,,,,,,,,,,,,,,,,,,,,
2,,1.92829361368436,,,,,,,,,,,,,,,,,,,,
2,,1.92829361368436,,,,,,,,,,,,,,,,,,,,
2,,1.92829361368436,,,,,,,,,,,,,,,,,,,,
2,,1.92829361368436,,,,,,,,,,,,,,,,,,,,
2,,1.92829361368436,,,,,,,,,,,,,,,,,,,,
2,,1.92829361368436,,,,,,,,,,,,,,,,,,,,
2,,1.92829361368436,,,,,,,,,,,,,,,,,,,,
2,,1.92829361368436,,,,,,,,,,,,,,,,,,,,
-2,,1.84666096062314,,,,,,,,,,,,,,,,,,,,
2,,1.84666096062314,,,,,,,,,,,,,,,,,,,,
2,,1.84666096062314,,,,,,,,,,,,,,,,,,,,
2,,1.84666096062314,,,,,,,,,,,,,,,,,,,,
-1.50496321138441,,1.77513109916631,,,,,,,,,,,,,,,,,,,,
2,,1.77513109916631,,,,,,,,,,,,,,,,,,,,
2,,1.77513109916631,,,,,,,,,,,,,,,,,,,,
-1.78830718451142,,1.76952509396131,,,,,,,,,,,,,,,,,,,,
-2,,1.68789244090008,,,,,,,,,,,,,,,,,,,,
-1.79995708288848,,1.61034229635134,,,,,,,,,,,,,,,,,,,,
-1.79022556338608,,1.53299075424142,,,,,,,,,,,,,,,,,,,,
2,,1.53299075424142,,,,,,,,,,,,,,,,,,,,
-1.51135546099246,,1.46133043871096,,,,,,,,,,,,,,,,,,,,
-1.6023218192637,,1.38781366688925,,,,,,,,,,,,,,,,,,,,
2,,1.38781366688925,,,,,,,,,,,,,,,,,,,,
2,,1.38781366688925,,,,,,,,,,,,,,,,,,,,
2,,1.38781366688925,,,,,,,,,,,,,,,,,,,,
2,,1.38781366688925,,,,,,,,,,,,,,,,,,,,
-1.60682854296863,,1.31420492111438,,,,,,,,,,,,,,,,,,,,
2,,1.31420492111438,,,,,,,,,,,,,,,,,,,,
2,,1.31420492111438,,,,,,,,,,,,,,,,,,,,
2,,1.31420492111438,,,,,,,,,,,,,,,,,,,,
2,,1.31420492111438,,,,,,,,,,,,,,,,,,,,
2,,1.31420492111438,,,,,,,,,,,,,,,,,,,,
2,,1.31420492111438,,,,,,,,,,,,,,,,,,,,
2,,1.31420492111438,,,,,,,,,,,,,,,,,,,,
2,,1.31420492111438,,,,,,,,,,,,,,,,,,,,
2,,1.31420492111438,,,,,,,,,,,,,,,,,,,,
2,,1.31420492111438,,,,,,,,,,,,,,,,,,,,
2,,1.31420492111438,,,,,,,,,,,,,,,,,,,,
2,,1.31420492111438,,,,,,,,,,,,,,,,,,,,
2,,1.31420492111438,,,,,,,,,,,,,,,,,,,,
2,,1.31420492111438,,,,,,,,,,,,,,,,,,,,
2,,1.31420492111438,,,,,,,,,,,,,,,,,,,,
2,,1.31420492111438,,,,,,,,,,,,,,,,,,,,
2,,1.31420492111438,,,,,,,,,,,,,,,,,,,,
2,,1.31420492111438,,,,,,,,,,,,,,,,,,,,
2,,1.31420492111438,,,,,,,,,,,,,,,,,,,,
2,,1.31420492111438,,,,,,,,,,,,,,,,,,,,
2,,1.31420492111438,,,,,,,,,,,,,,,,,,,,
2,,1.31420492111438,,,,,,,,,,,,,,,,,,,,
2,,1.31420492111438,,,,,,,,,,,,,,,,,,,,
2,,1.31420492111438,,,,,,,,,,,,,,,,,,,,
2,,1.31420492111438,,,,,,,,,,,,,,,,,,,,
2,,1.31420492111438,,,,,,,,,,,,,,,,,,,,
2,,1.31420492111438,,,,,,,,,,,,,,,,,,,,
2,,1.31420492111438,,,,,,,,,,,,,,,,,,,,
2,,1.31420492111438,,,,,,,,,,,,,,,,,,,,
2,,1.31420492111438,,,,,,,,,,,,,,,,,,,,
2,,1.39583757417561,,,,,,,,,,,,,,,,,,,,
2,,1.39583757417561,,,,,,,,,,,,,,,,,,,,
-1.47162683182061,,1.3249880469956,,,,,,,,,,,,,,,,,,,,
2,,1.3249880469956,,,,,,,,,,,,,,,,,,,,
2,,1.39651790845242,,,,,,,,,,,,,,,,,,,,
2,,1.39651790845242,,,,,,,,,,,,,,,,,,,,
-2,,1.3148852553912,,,,,,,,,,,,,,,,,,,,
2,,1.39219764691184,,,,,,,,,,,,,,,,,,,,
-2,,1.39219764691184,,,,,,,,,,,,,,,,,,,,
2,,1.46974779146058,,,,,,,,,,,,,,,,,,,,
2,,1.5470993335705,,,,,,,,,,,,,,,,,,,,
2,,1.5470993335705,,,,,,,,,,,,,,,,,,,,
2,,1.61875964910096,,,,,,,,,,,,,,,,,,,,
-1.55617747407556,,1.61970137043133,,,,,,,,,,,,,,,,,,,,
-1.50643924846351,,1.54814138576881,,,,,,,,,,,,,,,,,,,,
2,,1.54814138576881,,,,,,,,,,,,,,,,,,,,
2,,1.54814138576881,,,,,,,,,,,,,,,,,,,,
2,,1.54814138576881,,,,,,,,,,,,,,,,,,,,
2,,1.62175013154368,,,,,,,,,,,,,,,,,,,,
2,,1.62175013154368,,,,,,,,,,,,,,,,,,,,
2,,1.62175013154368,,,,,,,,,,,,,,,,,,,,
2,,1.62175013154368,,,,,,,,,,,,,,,,,,,,
2,,1.62175013154368,,,,,,,,,,,,,,,,,,,,
2,,1.62175013154368,,,,,,,,,,,,,,,,,,,,
2,,1.62175013154368,,,,,,,,,,,,,,,,,,,,
2,,1.62175013154368,,,,,,,,,,,,,,,,,,,,
2,,1.62175013154368,,,,,,,,,,,,,,,,,,,,
-1.48622997767627,,1.55060258097886,,,,,,,,,,,,,,,,,,,,
2,,1.55060258097886,,,,,,,,,,,,,,,,,,,,
2,,1.55060258097886,,,,,,,,,,,,,,,,,,,,
-1.63414813545644,,1.47643629250016,,,,,,,,,,,,,,,,,,,,
2,,1.47643629250016,,,,,,,,,,,,,,,,,,,,
